===> DEFCONFIG
  GEN     /home/kamil/android_kernel_samsung_msm8974/output/Makefile
sound/soc/codecs/audience/Kconfig:40:warning: type of 'SND_SOC_ES_SLIM' redefined from 'boolean' to 'tristate'
sound/soc/codecs/audience/Kconfig:43:warning: type of 'SND_SOC_ES_I2C' redefined from 'boolean' to 'tristate'
sound/soc/codecs/audience/Kconfig:44:warning: choice value used outside its choice group
sound/soc/codecs/audience/Kconfig:41:warning: choice value used outside its choice group
arch/arm/configs/msm8974_sec_defconfig:216:warning: override: reassigning to symbol NETFILTER_XT_MATCH_ESP
arch/arm/configs/msm8974_sec_defconfig:426:warning: override: reassigning to symbol HID_ELECOM
arch/arm/configs/msm8974_sec_defconfig:591:warning: override: reassigning to symbol KEYS
arch/arm/configs/selinux_defconfig:1:warning: override: reassigning to symbol EXT2_FS_XATTR
arch/arm/configs/selinux_defconfig:13:warning: symbol value 'y' invalid for SECURITY_SELINUX_CHECKREQPROT_VALUE
arch/arm/configs/selinux_defconfig:21:warning: override: reassigning to symbol FAT_VIRTUAL_XATTR
arch/arm/configs/selinux_defconfig:22:warning: override: reassigning to symbol FAT_VIRTUAL_XATTR_SELINUX_LABEL
arch/arm/configs/selinux_defconfig:23:warning: override: reassigning to symbol EXFAT_VIRTUAL_XATTR
arch/arm/configs/selinux_defconfig:24:warning: override: reassigning to symbol ECRYPT_FS_VIRTUAL_FAT_XATTR
arch/arm/configs/selinux_defconfig:25:warning: override: reassigning to symbol SDCARD_FS_XATTR
arch/arm/configs/selinux_defconfig:26:warning: override: reassigning to symbol SEC_SELINUX
arch/arm/configs/msm8974_sec_mondrianlte_eur_defconfig:41:warning: override: reassigning to symbol LCD_CLASS_DEVICE
arch/arm/configs/msm8974_sec_mondrianlte_eur_defconfig:42:warning: override: reassigning to symbol BACKLIGHT_LCD_SUPPORT
arch/arm/configs/msm8974_sec_mondrianlte_eur_defconfig:43:warning: override: reassigning to symbol BACKLIGHT_CLASS_DEVICE
arch/arm/configs/msm8974_sec_mondrianlte_eur_defconfig:61:warning: override: reassigning to symbol CFG80211
arch/arm/configs/msm8974_sec_mondrianlte_eur_defconfig:67:warning: override: reassigning to symbol MODULES
arch/arm/configs/msm8974_sec_mondrianlte_eur_defconfig:68:warning: override: reassigning to symbol MODULE_UNLOAD
arch/arm/configs/msm8974_sec_mondrianlte_eur_defconfig:69:warning: override: reassigning to symbol MODULE_FORCE_UNLOAD
arch/arm/configs/msm8974_sec_mondrianlte_eur_defconfig:93:warning: override: reassigning to symbol STAGING
arch/arm/configs/msm8974_sec_mondrianlte_eur_defconfig:110:warning: override: reassigning to symbol MSM_DMA_TEST
arch/arm/configs/msm8974_sec_mondrianlte_eur_defconfig:141:warning: override: reassigning to symbol BT_HCIUART
arch/arm/configs/msm8974_sec_mondrianlte_eur_defconfig:151:warning: override: reassigning to symbol WIRELESS
arch/arm/configs/msm8974_sec_mondrianlte_eur_defconfig:152:warning: override: reassigning to symbol WEXT_CORE
arch/arm/configs/msm8974_sec_mondrianlte_eur_defconfig:153:warning: override: reassigning to symbol WEXT_PROC
arch/arm/configs/msm8974_sec_mondrianlte_eur_defconfig:154:warning: override: reassigning to symbol CFG80211
arch/arm/configs/msm8974_sec_mondrianlte_eur_defconfig:155:warning: override: reassigning to symbol NL80211_TESTMODE
arch/arm/configs/msm8974_sec_mondrianlte_eur_defconfig:158:warning: override: reassigning to symbol CFG80211_DEFAULT_PS
arch/arm/configs/msm8974_sec_mondrianlte_eur_defconfig:162:warning: override: reassigning to symbol WIRELESS_EXT_SYSFS
arch/arm/configs/msm8974_sec_mondrianlte_eur_defconfig:168:warning: override: reassigning to symbol RFKILL
arch/arm/configs/msm8974_sec_mondrianlte_eur_defconfig:178:warning: override: reassigning to symbol NFC_QNCI
arch/arm/configs/msm8974_sec_mondrianlte_eur_defconfig:183:warning: override: reassigning to symbol MSM_CAMERA
arch/arm/configs/msm8974_sec_mondrianlte_eur_defconfig:184:warning: override: reassigning to symbol MSMB_CAMERA
arch/arm/configs/msm8974_sec_mondrianlte_eur_defconfig:186:warning: override: reassigning to symbol MSM_CAMERA_SENSOR
arch/arm/configs/msm8974_sec_mondrianlte_eur_defconfig:187:warning: override: reassigning to symbol MSM_CPP
arch/arm/configs/msm8974_sec_mondrianlte_eur_defconfig:188:warning: override: reassigning to symbol MSM_CCI
arch/arm/configs/msm8974_sec_mondrianlte_eur_defconfig:190:warning: override: reassigning to symbol MSM_CSI30_HEADER
arch/arm/configs/msm8974_sec_mondrianlte_eur_defconfig:191:warning: override: reassigning to symbol MSM_CSIPHY
arch/arm/configs/msm8974_sec_mondrianlte_eur_defconfig:192:warning: override: reassigning to symbol MSM_CSID
arch/arm/configs/msm8974_sec_mondrianlte_eur_defconfig:193:warning: override: reassigning to symbol MSM_EEPROM
arch/arm/configs/msm8974_sec_mondrianlte_eur_defconfig:194:warning: override: reassigning to symbol MSM_ISPIF
arch/arm/configs/msm8974_sec_mondrianlte_eur_defconfig:198:warning: override: reassigning to symbol IMX135
arch/arm/configs/msm8974_sec_mondrianlte_eur_defconfig:203:warning: override: reassigning to symbol MSMB_JPEG
arch/arm/configs/msm8974_sec_mondrianlte_eur_defconfig:206:warning: override: reassigning to symbol MSM_VIDC_V4L2
boolean symbol SND_SOC_MAX98506 tested for 'm'? test forced to 'n'
KCONFIG_SELINUX(arch/arm/configs/selinux_defconfig)
KCONFIG_LOG_SELINUX((null))
KCONFIG_TIMA((null))
KCONFIG_VARIANT(arch/arm/configs/msm8974_sec_mondrianlte_eur_defconfig)
KCONFIG_DEBUG((null))
#
# configuration written to .config
#
===> BUILD
  GEN     /home/kamil/android_kernel_samsung_msm8974/output/Makefile
scripts/kconfig/conf --silentoldconfig Kconfig
sound/soc/codecs/audience/Kconfig:40:warning: type of 'SND_SOC_ES_SLIM' redefined from 'boolean' to 'tristate'
sound/soc/codecs/audience/Kconfig:43:warning: type of 'SND_SOC_ES_I2C' redefined from 'boolean' to 'tristate'
sound/soc/codecs/audience/Kconfig:44:warning: choice value used outside its choice group
sound/soc/codecs/audience/Kconfig:41:warning: choice value used outside its choice group
boolean symbol SND_SOC_MAX98506 tested for 'm'? test forced to 'n'
  GEN     /home/kamil/android_kernel_samsung_msm8974/output/Makefile
  CHK     include/linux/version.h
/home/kamil/android_kernel_samsung_msm8974/drivers/gpu/gpu_sysfs/Kbuild:29: **** Make sure target file is defined. Check the TARGET and GPU configs in Makefile and Kernel Config. Module won't work without target file. ****
  Using /home/kamil/android_kernel_samsung_msm8974 as source for kernel
  CHK     include/generated/utsrelease.h
  CC      scripts/mod/empty.o
make[2]: 'include/generated/mach-types.h' jest aktualne.
  CC      kernel/bounds.s
  MKELF   scripts/mod/elfconfig.h
  HOSTCC  scripts/mod/file2alias.o
  HOSTCC  scripts/mod/modpost.o
  HOSTCC  scripts/mod/sumversion.o
  GEN     include/generated/bounds.h
  CC      arch/arm/kernel/asm-offsets.s
  GEN     include/generated/asm-offsets.h
  CALL    /home/kamil/android_kernel_samsung_msm8974/scripts/checksyscalls.sh
  HOSTLD  scripts/mod/modpost
  CC      arch/arm/common/gic.o
  CC      init/main.o
  CHK     include/generated/compile.h
  CC      init/do_mounts.o
  AS      arch/arm/vfp/entry.o
  CC      arch/arm/crypto/first_file_asm.o
  CC      init/do_mounts_rd.o
  AS      arch/arm/vfp/vfphw.o
  CC      arch/arm/vfp/vfpmodule.o
  CC      init/do_mounts_initrd.o
  CC      arch/arm/vfp/vfpsingle.o
  CC      arch/arm/crypto/aes_glue.o
  CC      arch/arm/crypto/sha1_glue.o
  CC      init/initramfs.o
  CC      arch/arm/vfp/vfpdouble.o
  CC      arch/arm/crypto/last_file_asm.o
  CC      init/calibrate.o
  CC      arch/arm/perfmon/perf-function-hooks.o
  CC      arch/arm/mm/dma-mapping.o
  CC      arch/arm/mm/extable.o
  CC      arch/arm/mm/fault.o
  CC      arch/arm/mm/init.o
  CC      arch/arm/mm/iomap.o
  CC      arch/arm/mm/flush.o
  CC      arch/arm/mm/fault-armv.o
  CC      arch/arm/mm/idmap.o
  CC      arch/arm/mm/ioremap.o
  CC      arch/arm/mm/mmap.o
  CC      init/version.o
  CC      arch/arm/mm/mmu.o
  CC      arch/arm/mm/pgd.o
  CC      arch/arm/mm/vmregion.o
  CC      arch/arm/mm/alignment.o
  CC      arch/arm/mm/proc-syms.o
  AS      arch/arm/kernel/entry-common.o
  AS      arch/arm/kernel/entry-armv.o
  CC      arch/arm/kernel/elf.o
  CC      arch/arm/mm/context.o
  AS      arch/arm/mm/cache-v7.o
  AS      arch/arm/mm/tlb-v7.o
  CC      arch/arm/mm/highmem.o
  CC      arch/arm/kernel/irq.o
  AS      arch/arm/mm/proc-v7.o
  CC      arch/arm/kernel/opcodes.o
  CC      arch/arm/mm/copypage-v6.o
  CC      arch/arm/kernel/process.o
  CC      arch/arm/kernel/ptrace.o
  CC      arch/arm/kernel/return_address.o
  CC      arch/arm/kernel/sched_clock.o
  CC      arch/arm/kernel/setup.o
  CC      arch/arm/kernel/stacktrace.o
  CC      arch/arm/kernel/signal.o
  CC      security/commoncap.o
  CC      security/min_addr.o
  CC      security/security.o
  CC      arch/arm/kernel/sys_arm.o
  CC      security/tz_iccc/tz_iccc.o
  CC      security/sdp/dek.o
  CC      security/keys/gc.o
  CC      arch/arm/kernel/time.o
  CC      block/elevator.o
  CC      security/keys/key.o
  CC      mm/filemap.o
  CC      security/capability.o
  CC      security/sdp/dek_aes.o
  CC      arch/arm/kernel/traps.o
  CC      kernel/fork.o
  CC      sound/sound_core.o
  CC      block/blk-core.o
  CC      fs/open.o
  CC      arch/arm/oprofile/../../../drivers/oprofile/oprof.o
  CC      crypto/first_file.o
  CC      security/selinux/avc.o
  CC      security/lsm_audit.o
  CC      security/sdp/sdp_mm.o
  CC      mm/mempool.o
  CC      security/keys/keyring.o
  LD      arch/arm/perfmon/built-in.o
/home/kamil/android_kernel_samsung_msm8974/arch/arm/kernel/return_address.c:62:2: warning: #warning "TODO: return_address should use unwind tables" [-Wcpp]
 #warning "TODO: return_address should use unwind tables"
  ^
  CC      arch/arm/kernel/cpuidle.o
  CC      arch/arm/kernel/armksyms.o
  AS      arch/arm/lib/copy_page.o
  CC      net/socket.o
  CC      block/blk-tag.o
  CC      kernel/exec_domain.o
  CC      drivers/barcode_emul/barcode_emul_ice4.o
  CC      crypto/fips_integrity.o
  CC      fs/read_write.o
  LD      arch/arm/crypto/aes-arm.o
  CC      arch/arm/oprofile/../../../drivers/oprofile/cpu_buffer.o
  LD      arch/arm/crypto/sha1-arm.o
  CC      arch/arm/kernel/module.o
  LD      arch/arm/crypto/built-in.o
  CC      security/sdp/pub_crypto_emul.o
  CC      crypto/api.o
  CC      security/selinux/hooks.o
  CC      security/keys/keyctl.o
  CC      mm/oom_kill.o
  CC      kernel/panic.o
  AS      arch/arm/lib/csumpartialcopyuser.o
  CC      crypto/cipher.o
  CC      drivers/barcode_emul/barcode_emul_ice4_hlte.o
  CC      security/sdp/dek_sysfs.o
  CC      arch/arm/mach-msm/io.o
  CC      net/802/p8022.o
  LD      security/tz_iccc/built-in.o
make[2]: Nie ma nic do zrobienia w 'arch/arm/boot/dtbs'.
  CC      block/blk-sysfs.o
  AS      arch/arm/kernel/sleep.o
  CC      fs/file_table.o
  CC      security/selinux/selinuxfs.o
  CC      mm/fadvise.o
  LD      init/mounts.o
  CC      arch/arm/lib/delay.o
  CC      block/blk-flush.o
  LD      arch/arm/common/built-in.o
  CC      fs/super.o
  CC      mm/maccess.o
  CC      arch/arm/oprofile/../../../drivers/oprofile/buffer_sync.o
  CC      mm/page_alloc.o
  CC      arch/arm/kernel/suspend.o
  CC      kernel/printk.o
  LD      arch/arm/vfp/vfp.o
  CC      security/keys/permission.o
  CC      drivers/battery/sec_battery.o
  CC      sound/core/compress_offload.o
  CC      drivers/base/core.o
  LD      arch/arm/vfp/built-in.o
  CC      arch/arm/oprofile/../../../drivers/oprofile/event_buffer.o
  CC      arch/arm/mach-msm/dma.o
  CC      lib/bcd.o
  CC      sound/core/hwdep.o
  CC      security/selinux/netlink.o
  CC      mm/page-writeback.o
  CC      kernel/cpu.o
  CC      arch/arm/kernel/smp.o
  CC      crypto/compress.o
  CC      net/bluetooth/af_bluetooth.o
  CC      net/bluetooth/hci_core.o
  CC      block/blk-settings.o
  CC      arch/arm/kernel/smp_tlb.o
  CC      drivers/bif/bif-core.o
  CC      security/keys/process_keys.o
  CC      arch/arm/mach-msm/memory.o
  CC      drivers/base/bus.o
  CC      lib/div64.o
  CC      mm/readahead.o
  CC      security/sdp/cache_cleanup.o
  LD      arch/arm/mm/built-in.o
  LD      init/built-in.o
  CC      security/sdp/kek_pack.o
  CC      lib/sort.o
  CC      arch/arm/kernel/smp_scu.o
  AR      arch/arm/lib/lib.a
  CC      kernel/exit.o
  CC      sound/core/memalloc.o
  CC      arch/arm/oprofile/../../../drivers/oprofile/oprofile_files.o
  CC      net/802/psnap.o
  CC      block/blk-ioc.o
  CC      arch/arm/oprofile/../../../drivers/oprofile/oprofilefs.o
  CC      drivers/battery/sec_board-msm8974.o
  CC      fs/char_dev.o
  CC      net/bridge/br.o
  CC      net/802/stp.o
  CC      drivers/block/brd.o
  CC      security/selinux/nlmsgtab.o
  CC      security/keys/request_key.o
  CC      security/sdp/fs_handler.o
  CC      lib/parser.o
  CC      net/core/sock.o
  CC      drivers/base/dd.o
  CC      sound/core/pcm.o
  CC      crypto/algapi.o
  CC      arch/arm/oprofile/../../../drivers/oprofile/oprofile_stats.o
  CC      net/bluetooth/hci_conn.o
  CC      drivers/bif/qpnp-bsi.o
  CC      arch/arm/mach-msm/clock.o
  CC      mm/swap.o
  CC      fs/stat.o
  CC      security/selinux/netif.o
  CC      net/bridge/br_device.o
  CC      security/selinux/netnode.o
  CC      drivers/block/loop.o
  CC      drivers/battery/max17050_fuelgauge.o
  CC      crypto/scatterwalk.o
  CC      kernel/itimer.o
  CC      sound/core/pcm_native.o
  CC      arch/arm/oprofile/../../../drivers/oprofile/timer_int.o
  CC      net/ethernet/eth.o
  CC      drivers/char/mem.o
  CC      drivers/base/syscore.o
  CC      security/keys/request_key_auth.o
  CC      net/bluetooth/hci_event.o
  CC      block/blk-map.o
  CC      security/selinux/netport.o
  CC      arch/arm/kernel/arch_timer.o
  CC      net/bridge/br_fdb.o
  CC      drivers/base/driver.o
  CC      lib/halfmd4.o
  CC      block/blk-exec.o
  CC      drivers/base/class.o
  CC      net/bridge/br_forward.o
  CC      arch/arm/mach-msm/clock-voter.o
  CC      net/core/request_sock.o
  CC      fs/exec.o
  CC      arch/arm/oprofile/../../../drivers/oprofile/oprofile_perf.o
  CC      drivers/clk/clkdev.o
  CC      sound/core/pcm_lib.o
  CC      sound/core/pcm_timer.o
  CC      drivers/char/random.o
  CC      net/bridge/br_if.o
  CC      fs/pipe.o
  CC      security/sdp/sdp_dlp.o
  CC      arch/arm/oprofile/common.o
  CC      lib/debug_locks.o
  CC      net/bluetooth/mgmt.o
  CC      block/blk-merge.o
  CC      kernel/time.o
  CC      arch/arm/kernel/kprobes.o
  CC      security/keys/user_defined.o
  CC      net/ipv4/route.o
  CC      arch/arm/mach-msm/clock-dummy.o
  CC      mm/truncate.o
  CC      sound/core/pcm_misc.o
  CC      fs/namei.o
  LD      drivers/clk/built-in.o
  CC      net/bridge/br_input.o
  CC      net/bluetooth/hci_sock.o
  CC      crypto/proc.o
  LD      net/802/built-in.o
  CC      drivers/cpufreq/cpufreq.o
  CC      security/keys/proc.o
  CC      kernel/softirq.o
  CC      drivers/battery/sec_fuelgauge.o
  CC      lib/random32.o
  CC      arch/arm/mach-msm/clock-generic.o
  CC      security/selinux/exports.o
  CC      sound/core/pcm_memory.o
  CC      net/core/skbuff.o
  CC      drivers/char/misc.o
  LD      security/sdp/built-in.o
  LD      drivers/barcode_emul/built-in.o
  CC      drivers/base/platform.o
  CC      lib/bust_spinlocks.o
  CC      net/ipv4/inetpeer.o
  CC      net/bluetooth/hci_sysfs.o
  CC      drivers/cpuidle/cpuidle.o
  CC      security/keys/sysctl.o
  CC      net/bluetooth/l2cap_core.o
  CC      arch/arm/kernel/kprobes-common.o
  CC      mm/vmscan.o
  CC      kernel/resource.o
  CC      crypto/ablkcipher.o
  CC      arch/arm/kernel/patch.o
  CC      net/key/af_key.o
  CC      arch/arm/mach-msm/modem_notifier.o
  CC      net/bridge/br_ioctl.o
  LD      security/keys/built-in.o
  CC      lib/hexdump.o
  CC      block/blk-softirq.o
  CC      drivers/battery/max77888_charger.o
  CC      security/selinux/ss/ebitmap.o
  CC      drivers/cpuidle/driver.o
  CC      fs/fcntl.o
  LD      arch/arm/oprofile/oprofile.o
  LD      arch/arm/oprofile/built-in.o
  CC      mm/shmem.o
  CC      net/bluetooth/l2cap_sock.o
  CC      drivers/base/cpu.o
  CC      sound/core/rawmidi.o
  CC      net/llc/llc_core.o
  CC      security/selinux/ss/hashtab.o
  CC      drivers/cpufreq/cpu-boost.o
  CC      lib/kasprintf.o
  CC      net/bridge/br_notify.o
  CC      crypto/blkcipher.o
  CC      drivers/char/diag/diagchar_core.o
  CC      arch/arm/mach-msm/board-dt.o
  LD      net/ethernet/built-in.o
  CC      arch/arm/kernel/kprobes-arm.o
  CC      net/ipv6/af_inet6.o
  CC      fs/ioctl.o
  CC      block/blk-timeout.o
  CC      fs/readdir.o
  CC      drivers/cpuidle/governor.o
  LD      drivers/block/built-in.o
  CC      drivers/char/hw_random/core.o
  CC      mm/prio_tree.o
  CC      drivers/devfreq/devfreq.o
  CC      net/bluetooth/smp.o
  CC      net/core/iovec.o
  CC      net/ipv4/protocol.o
  CC      net/ipv6/anycast.o
  CC      arch/arm/mach-msm/nohlt.o
  CC      kernel/sysctl.o
  CC      security/selinux/ss/symtab.o
  CC      sound/soc/soc-core.o
  CC      security/selinux/ss/sidtab.o
  CC      lib/bitmap.o
  CC      drivers/char/diag/diagchar_hdlc.o
  CC      drivers/char/adsprpc.o
  CC      lib/scatterlist.o
  LD      drivers/bif/built-in.o
  CC      lib/string_helpers.o
  CC      kernel/sysctl_binary.o
  CC      net/ncm/ncm.o
  CC      net/llc/llc_input.o
  CC      lib/gcd.o
  CC      fs/select.o
  CC      net/ipv4/ip_input.o
  CC      net/bluetooth/sco.o
  CC      net/core/datagram.o
  CC      drivers/cpuidle/sysfs.o
  CC      drivers/char/diag/diagfwd.o
  CC      drivers/cpufreq/cpufreq_stats.o
  CC      net/bridge/br_stp.o
  CC      sound/soc/soc-dapm.o
  CC      sound/core/timer.o
  CC      net/ipv6/ip6_output.o
  CC      drivers/base/firmware.o
  CC      arch/arm/kernel/unwind.o
  CC      net/ipv6/ip6_input.o
  CC      net/llc/llc_output.o
  CC      security/selinux/ss/avtab.o
  CC      arch/arm/mach-msm/clock-debug.o
  CC      sound/soc/soc-jack.o
  CC      drivers/base/init.o
  CC      net/bridge/br_stp_bpdu.o
  CC      kernel/capability.o
  CC      drivers/char/hw_random/msm_rng.o
  CC      block/blk-iopoll.o
  CC      drivers/devfreq/governor_simpleondemand.o
  CC      net/ipv4/ip_fragment.o
  CC      net/bridge/br_stp_if.o
  CC      net/bridge/br_stp_timer.o
  CC      arch/arm/mach-msm/acpuclock.o
  CC      sound/soc/soc-cache.o
  CC      drivers/cpuidle/governors/ladder.o
  CC      drivers/devfreq/governor_performance.o
  CC      drivers/base/map.o
  CC      sound/core/sound.o
  CC      drivers/char/hw_random/fips_drbg.o
  CC      drivers/cpufreq/cpufreq_limit.o
  CC      net/netfilter/core.o
  CC      net/ipv6/addrconf.o
  CC      drivers/cpuidle/governors/menu.o
  CC      arch/arm/kernel/devtree.o
  CC      drivers/cpufreq/cpufreq_performance.o
  CC      arch/arm/mach-msm/perf_trace_counters.o
  CC      mm/util.o
  CC      drivers/devfreq/governor_powersave.o
  CC      kernel/ptrace.o
  LD      drivers/battery/built-in.o
  CC      net/core/stream.o
  CC      block/blk-lib.o
  LD      net/ncm/built-in.o
  CC      lib/lcm.o
  CC      crypto/ahash.o
  CC      drivers/gpio/gpiolib.o
  CC      net/ipv4/ip_forward.o
  CC      arch/arm/kernel/swp_emulate.o
  CC      sound/soc/soc-utils.o
  CC      drivers/char/hw_random/ctr_drbg.o
  CC      drivers/base/devres.o
  CC      drivers/devfreq/governor_userspace.o
  CC      drivers/char/diag/diagmem.o
  CC      net/bridge/br_netlink.o
  CC      drivers/base/attribute_container.o
  CC      lib/list_sort.o
  CC      net/bridge/br_sysfs_if.o
  CC      drivers/base/transport_class.o
  CC      net/netfilter/nf_log.o
  CC      net/ipv6/addrlabel.o
  LD      drivers/cpuidle/governors/built-in.o
  CC      arch/arm/mach-msm/clock-krait.o
  CC      drivers/cpufreq/cpufreq_powersave.o
  LD      drivers/cpuidle/built-in.o
  CC      mm/mmzone.o
  LD      net/llc/llc.o
  LD      net/llc/built-in.o
  CC      net/core/scm.o
  CC      drivers/devfreq/governor_msm_adreno_tz.o
  CC      sound/core/init.o
  CC      drivers/devfreq/governor_msm_cpufreq.o
  CC      block/ioctl.o
  CC      drivers/char/hw_random/msm_fips_selftest.o
  CC      net/bluetooth/lib.o
  CC      net/bridge/br_sysfs_br.o
  CC      net/bridge/br_netfilter.o
  CC      security/selinux/ss/policydb.o
  CC      drivers/cpufreq/cpufreq_userspace.o
  CC      arch/arm/kernel/hw_breakpoint.o
  CC      lib/uuid.o
  CC      fs/fifo.o
  CC      net/bridge/br_multicast.o
  CC      net/netfilter/nf_queue.o
  CC      crypto/shash.o
  CC      net/ipv4/ip_options.o
  CC      fs/dcache.o
  CC      drivers/cpufreq/cpufreq_ondemand.o
  CC      sound/core/memory.o
  CC      net/bridge/netfilter/ebtables.o
  CC      net/ipv6/route.o
  CC      arch/arm/kernel/pmu.o
  CC      lib/flex_array.o
  CC      drivers/devfreq/governor_cpubw_hwmon.o
  CC      arch/arm/mach-msm/msm-krait-l2-accessors.o
  CC      sound/soc/soc-pcm.o
  CC      drivers/gpio/devres.o
  CC      security/selinux/ss/services.o
  CC      net/netlink/af_netlink.o
  CC      drivers/char/diag/diagfwd_cntl.o
  CC      mm/vmstat.o
  CC      drivers/base/topology.o
  LD      drivers/char/hw_random/rng-core.o
  CC      drivers/gpu/gpu_sysfs/gpu_sysfs_main.o
  CC      drivers/cpufreq/cpufreq_conservative.o
  LD      drivers/char/hw_random/built-in.o
  CC      sound/usb/card.o
  CC      crypto/algboss.o
  CC      drivers/gpu/ion/ion.o
  CC      net/netfilter/nf_sockopt.o
  CC      net/bridge/netfilter/ebtable_broute.o
  CC      net/bluetooth/amp.o
  CC      kernel/timer.o
  CC      arch/arm/kernel/perf_event.o
  CC      sound/core/info.o
  CC      sound/soc/soc-compress.o
  CC      kernel/user.o
  CC      net/packet/af_packet.o
  CC      arch/arm/mach-msm/perf_event_msm_krait_l2.o
  LD      drivers/devfreq/built-in.o
  CC      block/genhd.o
  CC      drivers/base/sys.o
  CC      sound/last.o
  CC      drivers/gpu/ion/ion_heap.o
  CC      lib/bsearch.o
  CC      drivers/gpu/ion/ion_page_pool.o
  CC      drivers/gud/MobiCoreDriver/logging.o
  CC      mm/backing-dev.o
  CC      drivers/gud/MobiCoreDriver/ops.o
  CC      drivers/cpufreq/cpufreq_interactive.o
  CC      arch/arm/kernel/topology.o
  CC      security/selinux/ss/conditional.o
  CC      drivers/gpu/gpu_sysfs/gpu_sysfs_util.o
  CC      net/netlink/genetlink.o
  CC      block/scsi_ioctl.o
  CC      drivers/gpio/gpio-msm-common.o
  CC      net/netfilter/nf_conntrack_core.o
  CC      net/rfkill/core.o
  CC      drivers/cpufreq/freq_table.o
  CC      sound/usb/clock.o
  CC      sound/soc/soc-io.o
  CC      lib/find_last_bit.o
  CC      drivers/gud/MobiCoreDriver/mem.o
  CC      drivers/base/dma-contiguous.o
  CC      mm/page_isolation.o
  LD      sound/soundcore.o
  CC      net/ipv4/ip_output.o
  CC      drivers/gpu/msm/adreno_ringbuffer.o
  CC      crypto/testmgr.o
  CC      drivers/gpu/gpu_sysfs/gpu_sysfs_target_kgsl.o
  CC      fs/inode.o
  CC      mm/mm_init.o
  CC      lib/find_next_bit.o
  CC      arch/arm/kernel/io.o
  CC      security/selinux/ss/mls.o
  CC      net/sched/sch_generic.o
  CC      sound/usb/endpoint.o
  CC      drivers/base/power/sysfs.o
  CC      arch/arm/mach-msm/krait-scm.o
  AS      arch/arm/kernel/head.o
  CC      lib/llist.o
  CC      sound/core/control.o
  CC      block/partition-generic.o
  CC      drivers/char/diag/diag_dci.o
  CC      drivers/gpu/msm/adreno_drawctxt.o
  CC      net/netfilter/nf_conntrack_standalone.o
  CC      kernel/signal.o
  CC      mm/mmu_context.o
  CC      drivers/gud/MobiCoreDriver/api.o
  CC      net/ipv4/ip_sockglue.o
  CC      security/selinux/ss/status.o
  CC      net/ipv6/ip6_fib.o
  CC      drivers/gpio/gpio-msm-v3.o
  CC      arch/arm/mach-msm/perf_debug.o
  CC      lib/kstrtox.o
  CC      drivers/gpu/msm/adreno_dispatch.o
  CC      drivers/gpio/qpnp-pin.o
  CC      fs/attr.o
  CC      net/sched/sch_mq.o
  CC      arch/arm/mach-msm/platsmp.o
  CC      sound/core/misc.o
  CC      net/sched/sch_api.o
  CC      drivers/char/diag/diag_masks.o
  CC      sound/core/device.o
  CC      lib/pci_iomap.o
  CC      block/partitions/check.o
  CC      drivers/gud/MobiCoreDriver/pm.o
  CC      sound/core/jack.o
  CC      net/unix/af_unix.o
  LD      drivers/gpu/gpu_sysfs/gpu_sysfs.o
  CC      drivers/hid/hid-lg.o
  LD      drivers/gpu/gpu_sysfs/built-in.o
  CC      mm/percpu.o
  CC      sound/usb/format.o
  CC      net/sched/sch_blackhole.o
  CC      drivers/base/power/generic_ops.o
  CC      kernel/sys.o
  CC      arch/arm/mach-msm/hotplug.o
  CC      net/core/gen_stats.o
  CC      arch/arm/kernel/init_task.o
  LD      net/rfkill/rfkill.o
  LD      net/rfkill/built-in.o
  CC      mm/compaction.o
  CC      net/ipv4/inet_hashtables.o
  CC      drivers/gud/MobiCoreDriver/main.o
  CC      fs/bad_inode.o
  CC      net/ipv6/ipv6_sockglue.o
  CC      lib/iomap_copy.o
  CC      net/sched/cls_api.o
  CC      drivers/base/power/common.o
  CC      sound/usb/helper.o
  CC      crypto/crypto_wq.o
  CC      block/partitions/msdos.o
  CC      drivers/base/power/qos.o
  CC      drivers/base/regmap/regmap.o
  CC      net/wireless/core.o
  CC      drivers/hwmon/hwmon.o
  CC      drivers/gpu/msm/adreno_postmortem.o
  CC      net/ipv4/inet_timewait_sock.o
  CC      drivers/char/diag/diag_debugfs.o
  CC      net/unix/garbage.o
  CC      fs/file.o
  CC      lib/devres.o
  CC      drivers/gpu/ion/ion_system_heap.o
  CC      drivers/hid/hid-debug.o
  LD      net/key/built-in.o
  CC      kernel/kmod.o
  LD      drivers/gpio/built-in.o
  CC      arch/arm/mach-msm/smd.o
  CC      drivers/gud/MobiCoreKernelApi/main.o
  CC      net/ipv6/ndisc.o
  CC      net/sched/act_api.o
  CC      net/xfrm/xfrm_policy.o
  CC      drivers/base/power/main.o
  LD      net/bridge/bridge.o
  CC      lib/hweight.o
  CC      net/core/gen_estimator.o
  CC      drivers/base/dma-mapping.o
  CC      net/sched/sch_fifo.o
  CC      fs/filesystems.o
  CC      block/partitions/efi.o
  CC      crypto/fips.o
  CC      net/wireless/sysfs.o
  CC      drivers/hwmon/epm_adc.o
  LD      net/bridge/netfilter/built-in.o
  CC      net/ipv4/inet_connection_sock.o
  LD      net/bridge/built-in.o
  CC      net/sysctl_net.o
  LD      arch/arm/kernel/built-in.o
  CC      drivers/gpu/ion/ion_carveout_heap.o
  CC      net/netfilter/nf_conntrack_expect.o
  CC      net/unix/sysctl_net_unix.o
  CC      sound/usb/mixer.o
  CC      mm/fremap.o
  CC      fs/namespace.o
  CC      lib/list_debug.o
  CC      drivers/hid/hid-core.o
  LD      drivers/char/diag/diagchar.o
  CC      net/ipv6/udp.o
  CC      fs/seq_file.o
  LD      drivers/char/diag/built-in.o
  CC      drivers/i2c/i2c-boardinfo.o
  LD      drivers/char/built-in.o
  CC      drivers/gpu/ion/ion_chunk_heap.o
  CC      drivers/base/dma-coherent.o
  CC      lib/bitrev.o
  CC      kernel/workqueue.o
  CC      arch/arm/mach-msm/smd_debug.o
  CC      block/bsg.o
  CC      drivers/base/regmap/regcache.o
  LD      net/netlink/built-in.o
  CC      arch/arm/mach-msm/remote_spinlock.o
  CC      drivers/gud/MobiCoreKernelApi/clientlib.o
  CC      drivers/hwmon/qpnp-adc-voltage.o
  CC      net/ipv4/tcp.o
  CC      net/core/net_namespace.o
  CC      sound/usb/mixer_quirks.o
  CC      drivers/gpu/ion/ion_cma_heap.o
  CC      drivers/gpu/msm/adreno_snapshot.o
  CC      lib/crc-ccitt.o
  CC      block/noop-iosched.o
  LD      block/partitions/built-in.o
  CC      drivers/hid/hid-input.o
  CC      drivers/i2c/i2c-core.o
  CC      mm/highmem.o
  CC      net/wireless/radiotap.o
  CC      kernel/pid.o
  CC      drivers/base/power/wakeup.o
  CC      drivers/hwmon/qpnp-adc-common.o
  CC      arch/arm/mach-msm/smd_private.o
  CC      block/deadline-iosched.o
  CC      kernel/rcupdate.o
  LD      drivers/cpufreq/built-in.o
  CC      lib/crc16.o
  CC      net/activity_stats.o
  CC      net/ipv4/tcp_input.o
  CC      crypto/aead.o
  LD      sound/core/snd.o
  CC      drivers/base/dma-buf.o
  LD      sound/core/snd-hwdep.o
  LD      sound/core/snd-timer.o
  CC      net/ipv6/udplite.o
  LD      sound/core/snd-pcm.o
  CC      sound/usb/pcm.o
  CC      drivers/gpu/ion/ion_cma_secure_heap.o
  LD      sound/core/snd-page-alloc.o
  LD      sound/core/snd-rawmidi.o
  LD      sound/core/snd-compress.o
  CC      lib/crc32.o
  CC      drivers/hid/hidraw.o
  CC      drivers/gud/MobiCoreKernelApi/device.o
  LD      sound/core/built-in.o
  CC      fs/xattr.o
  CC      net/wireless/util.o
  CC      net/netfilter/nf_conntrack_helper.o
  CC      crypto/chainiv.o
  CC      net/core/secure_seq.o
  CC      drivers/base/power/runtime.o
  CC      drivers/base/regmap/regcache-rbtree.o
  CC      sound/usb/proc.o
  CC      drivers/i2c/i2c-dev.o
  CC      block/row-iosched.o
  CC      net/xfrm/xfrm_state.o
  CC      net/sched/sch_htb.o
  CC      sound/soc/codecs/msm_hdmi_codec_rx.o
  CC      mm/madvise.o
  CC      drivers/input/input.o
  CC      drivers/hid/uhid.o
  CC      drivers/base/genlock.o
  CC      drivers/input/input-compat.o
  CC      drivers/gpu/ion/ion_iommu_heap.o
  CC      drivers/gpu/msm/adreno_coresight.o
  CC      lib/libcrc32c.o
  CC      drivers/gpu/ion/ion_cp_heap.o
  CC      net/ipv4/tcp_output.o
  CC      drivers/input/input-mt.o
  CC      drivers/hid/hid-generic.o
  LD      security/selinux/selinux.o
  CC      drivers/i2c/busses/i2c-gpio.o
  CC      drivers/i2c/algos/i2c-algo-bit.o
  CC      arch/arm/mach-msm/smem.o
  CC      net/ipv6/raw.o
  CC      sound/soc/codecs/msm_stub.o
  CC      kernel/extable.o
  LD      security/selinux/built-in.o
  CC      drivers/input/serio/serio.o
  LD      security/built-in.o
  CC      arch/arm/mach-msm/smd_init_dt.o
  CC      block/cfq-iosched.o
  CC      net/xfrm/xfrm_hash.o
  CC      sound/usb/quirks.o
  CC      drivers/gud/MobiCoreKernelApi/session.o
  CC      fs/libfs.o
  CC      crypto/eseqiv.o
  CC      net/netfilter/nf_conntrack_proto.o
  CC      drivers/base/firmware_class.o
  CC      mm/memory.o
  CC      net/wireless/reg.o
  CC      lib/genalloc.o
  CC      drivers/gpu/msm/adreno_trace.o
  CC      drivers/base/regmap/regcache-lzo.o
  CC      net/ipv4/tcp_timer.o
  CC      drivers/i2c/busses/i2c-msm.o
  CC      sound/soc/codecs/wcd9xxx-resmgr.o
  CC      net/core/flow_dissector.o
  CC      net/core/sysctl_net_core.o
  CC      drivers/input/serio/serport.o
  CC      kernel/params.o
  CC      net/ipv6/protocol.o
  CC      net/xfrm/xfrm_input.o
  CC      drivers/gpu/ion/ion_removed_heap.o
  CC      drivers/base/power/clock_ops.o
  CC      drivers/gpu/ion/msm/msm_ion.o
  CC      fs/fs-writeback.o
  CC      net/wireless/scan.o
  CC      mm/mincore.o
  CC      drivers/hid/hid-a4tech.o
  CC      block/test-iosched.o
  LD      net/packet/built-in.o
  CC      drivers/base/regmap/regmap-debugfs.o
  CC      drivers/gud/MobiCoreKernelApi/connection.o
  CC      crypto/seqiv.o
  CC      net/netfilter/nf_conntrack_l3proto_generic.o
  CC      drivers/iommu/iommu.o
  CC      drivers/input/serio/libps2.o
  CC      net/core/dev.o
  CC      lib/lz4/lz4_compress.o
  CC      net/ipv6/icmp.o
  CC      sound/usb/stream.o
  CC      sound/soc/codecs/wcd9320.o
  CC      net/sched/sch_prio.o
  CC      fs/pnode.o
  CC      drivers/base/module.o
  CC      drivers/i2c/busses/i2c-qup.o
  CC      drivers/gpu/msm/adreno_a2xx.o
  LD      drivers/base/power/built-in.o
  CC      drivers/gpu/ion/msm/ion_cp_common.o
  CC      drivers/input/ff-core.o
  CC      kernel/posix-timers.o
  CC      net/ipv4/tcp_ipv4.o
  CC      net/xfrm/xfrm_output.o
  CC      net/wireless/nl80211.o
  LD      drivers/hwmon/built-in.o
  LD      crypto/crypto_hash.o
  CC      drivers/base/regmap/regmap-i2c.o
  CC      net/ipv6/mcast.o
  CC      sound/soc/codecs/wcd9320-tables.o
  CC      drivers/iommu/msm_iommu.o
  LD      drivers/i2c/algos/built-in.o
  CC      drivers/input/ff-memless.o
  CC      crypto/pcompress.o
  CC      lib/lz4/lz4_decompress.o
  CC      drivers/hid/hid-axff.o
  CC      lib/lzo/lzo1x_compress.o
  CC      arch/arm/mach-msm/smd_init_plat.o
  LD      drivers/gud/mcKernelApi.o
  CC      net/sched/cls_u32.o
  LD      drivers/gud/mcDrvModule.o
  CC      kernel/kthread.o
  LD      drivers/gud/built-in.o
  CC      drivers/gpu/ion/msm/ion_iommu_map.o
  CC      net/ipv4/tcp_minisocks.o
  CC      mm/mlock.o
  CC      net/xfrm/xfrm_algo.o
  CC      fs/drop_caches.o
  CC      net/wireless/mlme.o
  CC      net/netfilter/nf_conntrack_proto_generic.o
  CC      sound/soc/codecs/wcd9xxx-mbhc.o
  CC      drivers/base/regmap/regmap-spi.o
  CC      sound/usb/midi.o
  CC      drivers/iommu/msm_iommu-v1.o
  CC      drivers/input/mousedev.o
  LD      net/unix/unix.o
  LD      net/unix/built-in.o
  CC      net/sched/cls_fw.o
  CC      net/xfrm/xfrm_sysctl.o
  LD      crypto/cryptomgr.o
  CC      net/ipv6/reassembly.o
  CC      lib/reed_solomon/reed_solomon.o
  CC      net/core/ethtool.o
  CC      drivers/leds/led-core.o
  CC      net/ipv6/tcp_ipv6.o
  CC      drivers/hid/hid-apple.o
  CC      drivers/gpu/msm/adreno_a2xx_trace.o
  CC      net/ipv4/tcp_cong.o
  CC      kernel/wait.o
  CC      mm/mmap.o
  CC      lib/lzo/lzo1x_decompress_safe.o
  LD      lib/lz4/built-in.o
  LD      drivers/input/serio/built-in.o
  CC      net/core/dev_addr_lists.o
  CC      drivers/base/soc.o
  CC      net/netfilter/nf_conntrack_proto_tcp.o
  CC      fs/splice.o
  CC      net/ipv4/datagram.o
  LD      drivers/base/regmap/built-in.o
  CC      crypto/hmac.o
  CC      net/wireless/ibss.o
  CC      drivers/leds/led-class.o
  CC      net/xfrm/xfrm_replay.o
  CC      net/ipv6/ping.o
  CC      drivers/iommu/msm_iommu_dev-v1.o
  CC      drivers/hid/hid-belkin.o
  CC      drivers/gpu/msm/adreno_a2xx_snapshot.o
  CC      sound/soc/codecs/wcd9xxx-common.o
  LD      lib/lzo/lzo_compress.o
  LD      lib/lzo/lzo_decompress.o
  LD      lib/lzo/built-in.o
  CC      lib/zlib_deflate/deflate.o
  CC      drivers/base/sync.o
  CC      net/core/dst.o
  CC      fs/sync.o
  CC      lib/zlib_inflate/inffast.o
  CC      net/ipv4/raw.o
  CC      crypto/xcbc.o
  CC      arch/arm/mach-msm/smp2p.o
  CC      drivers/leds/led-triggers.o
  CC      drivers/input/evdev.o
  CC      drivers/iommu/msm_iommu_pagetable.o
  LD      drivers/gpu/ion/msm/built-in.o
  CC      lib/textsearch.o
  CC      drivers/base/sw_sync.o
  CC      lib/zlib_inflate/inflate.o
  CC      sound/soc/codecs/wcdcal-hwdep.o
  CC      mm/mprotect.o
  LD      drivers/gpu/ion/built-in.o
  CC      net/netfilter/nf_conntrack_proto_udp.o
  CC      net/xfrm/xfrm_user.o
  CC      lib/zlib_deflate/deftree.o
  CC      drivers/hid/hid-cherry.o
  CC      fs/utimes.o
  CC      fs/stack.o
  CC      net/sched/cls_flow.o
  CC      net/wireless/sme.o
  CC      net/ipv6/exthdrs.o
  CC      drivers/iommu/msm_iommu_sec.o
  CC      net/netfilter/nf_conntrack_extend.o
  CC      crypto/crypto_null.o
  CC      drivers/gpu/msm/adreno_a3xx.o
  CC      sound/soc/msm/apq8074.o
  CC      drivers/leds/leds-qpnp.o
  CC      lib/zlib_inflate/infutil.o
  CC      net/core/netevent.o
  CC      net/sched/ematch.o
  CC      kernel/kfifo.o
  CC      net/wireless/chan.o
  CC      drivers/hid/hid-chicony.o
  CC      fs/fs_struct.o
  CC      arch/arm/mach-msm/smp2p_debug.o
  CC      net/xfrm/xfrm_ipcomp.o
  CC      lib/zlib_deflate/deflate_syms.o
  CC      drivers/input/joystick/xpad.o
  LD      lib/reed_solomon/built-in.o
  CC      fs/statfs.o
  CC      sound/soc/msm/msm-pcm-hostless.o
  CC      drivers/gpu/msm/adreno_a3xx_trace.o
  LD      sound/usb/snd-usb-audio.o
  CC      drivers/md/dm.o
  CC      net/netfilter/nf_conntrack_acct.o
  LD      sound/usb/snd-usbmidi-lib.o
  LD      sound/usb/built-in.o
  CC      crypto/md4.o
  CC      lib/zlib_inflate/inftrees.o
  CC      net/core/neighbour.o
  CC      kernel/sys_ni.o
  CC      drivers/hid/hid-cypress.o
  CC      net/ipv4/udp.o
  LD      drivers/i2c/busses/built-in.o
  LD      net/bluetooth/bluetooth.o
  LD      drivers/i2c/built-in.o
  CC      drivers/input/keyboard/atkbd.o
  CC      drivers/media/media-device.o
  LD      net/bluetooth/built-in.o
  CC      mm/mremap.o
  CC      sound/soc/msm/msm8974.o
  CC      drivers/gpu/msm/adreno_a3xx_snapshot.o
  CC      net/ipv6/datagram.o
  CC      drivers/md/dm-table.o
  CC      drivers/gpu/msm/adreno.o
  CC      lib/zlib_inflate/inflate_syms.o
  CC      sound/soc/msm/msm-dai-fe.o
  CC      crypto/md5.o
  CC      kernel/posix-cpu-timers.o
  CC      net/wireless/ethtool.o
  CC      drivers/hid/hid-dr.o
  CC      sound/soc/msm/qdsp6v2/audio_ocmem.o
  CC      lib/ts_kmp.o
  CC      drivers/input/keyboard/gpio_keys.o
  CC      drivers/mfd/mfd-core.o
  CC      drivers/media/media-devnode.o
  CC      drivers/md/dm-target.o
  CC      drivers/leds/ledtrig-backlight.o
  CC      net/ipv4/udplite.o
  CC      mm/msync.o
  LD      lib/zlib_inflate/zlib_inflate.o
  CC      arch/arm/mach-msm/smp2p_gpio.o
  LD      lib/zlib_inflate/built-in.o
  CC      net/sched/em_cmp.o
  CC      crypto/sha1_generic.o
  CC      drivers/hid/hid-emsff.o
  CC      drivers/gpu/msm/adreno_debugfs.o
  CC      net/ipv6/ip6_flowlabel.o
  CC      net/netfilter/nf_conntrack_ecache.o
  CC      fs/buffer.o
  CC      kernel/mutex.o
  CC      arch/arm/mach-msm/smp2p_loopback.o
  LD      drivers/input/joystick/built-in.o
  CC      drivers/input/misc/gpio_event.o
  CC      sound/soc/msm/qdsp6v2/msm-dai-q6-v2.o
  LD      drivers/base/built-in.o
  CC      drivers/leds/ledtrig-default-on.o
  CC      drivers/input/mouse/psmouse-base.o
  CC      drivers/mfd/wcd9xxx-core.o
  CC      net/core/rtnetlink.o
  CC      drivers/media/media-entity.o
  CC      drivers/md/dm-linear.o
  CC      crypto/sha256_generic.o
  CC      sound/soc/msm/qdsp6v2/msm-pcm-q6-v2.o
  LD      drivers/iommu/built-in.o
  LD      lib/zlib_deflate/zlib_deflate.o
  CC      mm/rmap.o
  CC      drivers/misc/uid_stat.o
  LD      lib/zlib_deflate/built-in.o
  CC      net/ipv6/inet6_connection_sock.o
  CC      arch/arm/mach-msm/smp2p_test.o
  CC      lib/ts_bm.o
  CC      net/wireless/mesh.o
  CC      mm/vmalloc.o
  CC      kernel/hrtimer.o
  CC      drivers/input/misc/gpio_matrix.o
  CC      drivers/input/touchscreen/synaptics/synaptics_i2c_rmi.o
  CC      net/netfilter/nf_conntrack_h323_main.o
  CC      drivers/input/touchscreen/synaptics/rmi_dev.o
  CC      net/core/utils.o
  LD      block/built-in.o
  CC      drivers/gpu/msm/adreno_profile.o
  CC      drivers/hid/hid-elecom.o
  LD      drivers/input/keyboard/built-in.o
  CC      fs/bio.o
  CC      drivers/gpu/msm/kgsl.o
  CC      sound/soc/msm/qdsp6v2/msm-pcm-routing-v2.o
  CC      net/sched/em_nbyte.o
  CC      drivers/media/common/tuners/tuner-xc2028.o
  CC      crypto/sha512_generic.o
  CC      net/ipv4/arp.o
  CC      drivers/misc/dualwave/dualwave.o
  CC      drivers/media/platform/msm/camera_v2/msm.o
  CC      net/ipv6/sysctl_net_ipv6.o
  CC      drivers/mmc/card/block.o
  CC      mm/pagewalk.o
  CC      net/wireless/wext-compat.o
  CC      drivers/hid/hid-ezkey.o
  CC      lib/ts_fsm.o
  CC      drivers/input/misc/gpio_input.o
  CC      drivers/input/misc/gpio_output.o
  CC      drivers/gpu/msm/kgsl_trace.o
  CC      drivers/media/rc/keymaps/rc-adstech-dvb-t-pci.o
  LD      drivers/input/input-core.o
  CC      net/core/link_watch.o
  CC      drivers/hid/hid-gyration.o
  CC      fs/block_dev.o
  CC      sound/soc/msm/qdsp6v2/msm-compress-q6-v2.o
  CC      drivers/gpu/msm/kgsl_sharedmem.o
  CC      lib/percpu_counter.o
  CC      drivers/media/rc/keymaps/rc-alink-dtu-m.o
  CC      drivers/media/common/tuners/tuner-simple.o
  CC      net/sched/em_u32.o
  CC      net/ipv6/xfrm6_policy.o
  CC      arch/arm/mach-msm/smp2p_gpio_test.o
  CC      net/wireless/wext-sme.o
  CC      drivers/motor/msm_vibrator.o
  CC      fs/direct-io.o
  CC      crypto/gf128mul.o
  CC      drivers/misc/eeprom/eeprom_93cx6.o
  CC      drivers/media/rc/keymaps/rc-anysee.o
  CC      drivers/media/video/v4l2-dev.o
  CC      drivers/mfd/wcd9xxx-irq.o
  CC      drivers/md/dm-stripe.o
  CC      drivers/media/rc/keymaps/rc-apac-viewcomp.o
  CC      lib/audit.o
  CC      kernel/rwsem.o
  LD      drivers/motor/built-in.o
  CC      drivers/net/dummy.o
  CC      drivers/media/common/tuners/tuner-types.o
  CC      drivers/input/mouse/synaptics.o
  LD      drivers/leds/built-in.o
  CC      drivers/hid/hid-kensington.o
  CC      net/sched/em_meta.o
  CC      arch/arm/mach-msm/smp2p_spinlock_test.o
  CC      lib/nlattr.o
  CC      net/core/filter.o
  LD      drivers/misc/eeprom/built-in.o
  CC      fs/mpage.o
  CC      net/ipv6/xfrm6_state.o
  CC      drivers/input/misc/gpio_axis.o
  CC      drivers/media/platform/msm/camera_v2/cam_dummy.o
  CC      drivers/hid/hid-keytouch.o
  CC      drivers/media/rc/keymaps/rc-asus-pc39.o
  LD      net/xfrm/built-in.o
  CC      drivers/media/platform/msm/camera_v2/camera/camera.o
  CC      net/sched/em_text.o
  CC      drivers/media/platform/msm/camera_v2/isp/msm_isp.o
  LD      sound/soc/msm/snd-soc-hostless-pcm.o
  CC      drivers/input/mouse/alps.o
  CC      mm/pgtable-generic.o
  CC      net/netfilter/nf_conntrack_h323_asn1.o
  CC      drivers/media/video/v4l2-ioctl.o
  CC      drivers/mmc/card/queue.o
  CC      drivers/input/touchscreen/synaptics/rmi_f54.o
  CC      drivers/media/rc/keymaps/rc-ati-tv-wonder-hd-600.o
  CC      drivers/mfd/wcd9xxx-slimslave.o
  CC      lib/cpu_rmap.o
  CC      drivers/media/rc/keymaps/rc-ati-x10.o
  CC      drivers/md/dm-ioctl.o
  CC      drivers/net/mii.o
  CC      drivers/hid/hid-kye.o
  CC      drivers/mmc/core/core.o
  CC      crypto/ecb.o
  LD      drivers/misc/dualwave/built-in.o
  CC      net/core/sock_diag.o
  CC      drivers/input/misc/uinput.o
  CC      net/ipv6/xfrm6_input.o
  LD      drivers/media/media.o
  CC      drivers/misc/max77888-muic.o
  LD      sound/soc/msm/snd-soc-msm8974.o
  CC      drivers/media/platform/msm/camera_v2/ispif/msm_ispif.o
  CC      arch/arm/mach-msm/scm.o
  CC      drivers/media/rc/keymaps/rc-avermedia-a16d.o
  CC      drivers/input/mouse/logips2pp.o
  CC      drivers/media/common/tuners/mt20xx.o
  CC      kernel/nsproxy.o
  CC      drivers/media/platform/msm/vidc/msm_v4l2_vidc.o
  CC      drivers/media/common/tuners/tda8290.o
  CC      drivers/mmc/card/mmc_block_test.o
  CC      drivers/media/rc/rc-main.o
  CC      drivers/mfd/wcd9xxx-core-resource.o
  CC      fs/ioprio.o
  CC      drivers/hid/hid-lcpower.o
  CC      crypto/cbc.o
  CC      mm/process_vm_access.o
  CC      sound/soc/msm/qdsp6v2/msm-multi-ch-pcm-q6-v2.o
  CC      drivers/misc/sec_param.o
  CC      drivers/media/rc/ir-raw.o
  CC      drivers/media/rc/keymaps/rc-avermedia.o
  CC      drivers/of/base.o
  CC      net/ipv4/icmp.o
  LD      drivers/media/platform/msm/camera_v2/camera/built-in.o
  CC      arch/arm/mach-msm/scm-boot.o
  CC      net/ipv4/devinet.o
  CC      drivers/media/platform/msm/vidc/msm_vidc_common.o
  CC      kernel/srcu.o
  CC      drivers/media/rc/lirc_dev.o
  CC      crypto/ctr.o
  LD      drivers/hid/hid-logitech.o
  CC      drivers/media/rc/keymaps/rc-avermedia-cardbus.o
  CC      drivers/hid/hid-logitech-dj.o
  CC      drivers/gpu/msm/kgsl_pwrctrl.o
  CC      drivers/mmc/host/sdhci.o
  CC      drivers/misc/sec_misc.o
  CC      drivers/media/rc/keymaps/rc-avermedia-dvbt.o
  CC      drivers/input/touchscreen/synaptics/rmi_fw_update.o
  LD      sound/soc/codecs/snd-soc-wcd9320.o
  CC      drivers/media/platform/msm/camera_v2/isp/msm_buf_mgr.o
  CC      arch/arm/mach-msm/scm-mpu.o
  LD      sound/soc/codecs/snd-soc-msm-stub.o
  LD      sound/soc/codecs/built-in.o
  CC      drivers/media/video/v4l2-device.o
  CC      net/ipv6/xfrm6_output.o
  CC      drivers/mmc/host/msm_sdcc.o
  CC      drivers/of/fdt.o
  CC      drivers/net/Space.o
  CC      drivers/input/mouse/trackpoint.o
  CC      net/core/flow.o
  CC      drivers/platform/msm/usb_bam.o
  LD      sound/soc/msm/snd-soc-qdsp6v2.o
  CC      kernel/semaphore.o
  CC      net/ipv4/af_inet.o
  CC      drivers/media/rc/keymaps/rc-avermedia-m135a.o
  CC      drivers/md/dm-io.o
  CC      crypto/gcm.o
  CC      mm/vmpressure.o
  CC      drivers/media/common/tuners/tea5767.o
  CC      net/netfilter/nf_nat_core.o
  CC      net/wireless/wext-core.o
  CC      drivers/mfd/max77888.o
  CC      drivers/input/touchscreen/synaptics/rmi_db.o
  CC      lib/dynamic_queue_limits.o
  CC      arch/arm/mach-msm/peripheral-loader.o
  CC      drivers/media/platform/msm/camera_v2/jpeg_10/msm_jpeg_dev.o
  CC      drivers/media/video/v4l2-fh.o
  CC      net/ipv6/netfilter.o
  CC      drivers/power/power_supply_core.o
  LD      drivers/input/misc/built-in.o
  CC      drivers/mmc/core/bus.o
  LD      drivers/input/mouse/psmouse.o
  LD      drivers/input/mouse/built-in.o
  CC      drivers/gpu/msm/kgsl_pwrscale.o
  CC      drivers/media/platform/msm/camera_v2/jpeg_10/msm_jpeg_sync.o
  CC      drivers/media/rc/keymaps/rc-avermedia-m733a-rm-k6.o
  CC      drivers/of/address.o
  CC      drivers/hid/hid-magicmouse.o
  CC      drivers/net/loopback.o
  CC      drivers/media/platform/msm/vidc/msm_vidc.o
  LD      sound/soc/msm/snd-soc-apq8074.o
  CC      kernel/notifier.o
  CC      net/ipv4/igmp.o
  CC      drivers/media/rc/keymaps/rc-avermedia-rm-ks.o
  CC      drivers/media/common/tuners/tea5761.o
  LD      drivers/media/platform/msm/camera_v2/ispif/built-in.o
  CC      mm/showmem.o
  CC      drivers/media/platform/msm/camera_v2/isp/msm_isp_util.o
  CC      crypto/des_generic.o
  CC      drivers/gpu/msm/kgsl_mmu.o
  CC      arch/arm/mach-msm/scm-pas.o
  CC      net/wireless/wext-proc.o
  CC      lib/qmi_encdec.o
  CC      sound/soc/msm/qdsp6v2/msm-pcm-lpa-v2.o
  CC      drivers/regulator/core.o
  CC      drivers/media/rc/keymaps/rc-avertv-303.o
  CC      drivers/power/power_supply_sysfs.o
  CC      drivers/mmc/host/msm_sdcc_dml.o
  CC      drivers/media/platform/msm/camera_v2/jpeg_10/msm_jpeg_core.o
  CC      kernel/ksysfs.o
  CC      drivers/media/rc/ir-nec-decoder.o
  CC      drivers/mmc/core/host.o
  CC      drivers/hid/hid-microsoft.o
  CC      fs/proc_namespace.o
  CC      drivers/media/rc/keymaps/rc-azurewave-ad-tu700.o
  CC      drivers/md/dm-kcopyd.o
  CC      net/ipv6/fib6_rules.o
  LD      net/sched/built-in.o
  CC      mm/init-mm.o
  CC      drivers/net/tun.o
  CC      mm/bootmem.o
  LD      sound/soc/snd-soc-core.o
  CC      drivers/misc/qseecom.o
  CC      drivers/media/platform/msm/camera_v2/jpeg_10/msm_jpeg_hw.o
  CC      drivers/platform/msm/sps/bam.o
  CC      drivers/media/platform/msm/camera_v2/isp/msm_isp_axi_util.o
  CC      sound/soc/msm/qdsp6v2/msm-pcm-afe-v2.o
  CC      drivers/of/irq.o
  CC      drivers/media/rc/keymaps/rc-behold.o
  CC      arch/arm/mach-msm/pil-q6v5.o
  CC      crypto/twofish_generic.o
  CC      drivers/gpu/msm/kgsl_gpummu.o
  CC      net/netfilter/nf_nat_proto_unknown.o
  CC      drivers/platform/msm/sps/sps_bam.o
  CC      drivers/media/common/tuners/tda9887.o
  CC      drivers/mfd/max77888-irq.o
  CC      drivers/media/video/v4l2-event.o
  CC      kernel/cred.o
  CC      drivers/power/power_supply_leds.o
  CC      drivers/md/dm-sysfs.o
  CC      drivers/platform/msm/sps/sps.o
  CC      drivers/mmc/host/sdhci-pltfm.o
  CC      net/core/net-sysfs.o
  CC      drivers/hid/hid-monterey.o
  CC      drivers/media/rc/keymaps/rc-behold-columbus.o
  LD      drivers/power/power_supply.o
  CC      drivers/media/platform/msm/vidc/msm_vdec.o
  CC      net/ipv4/fib_frontend.o
  CC      net/ipv6/proc.o
  LD      drivers/power/built-in.o
  CC      lib/argv_split.o
  CC      drivers/misc/tzic.o
  CC      drivers/mmc/core/mmc.o
  CC      drivers/media/rc/ir-rc5-decoder.o
  CC      drivers/platform/msm/qpnp-pwm.o
  CC      fs/debugfs/inode.o
  CC      crypto/twofish_common.o
  CC      drivers/gpu/msm/kgsl_iommu.o
  CC      arch/arm/mach-msm/pil-q6v5-lpass.o
  LD      drivers/mmc/card/mmc_block.o
  LD      drivers/mmc/card/built-in.o
  CC      drivers/media/video/v4l2-ctrls.o
  CC      kernel/async.o
  CC      drivers/hid/hid-multitouch.o
  CC      drivers/media/platform/msm/camera_v2/jpeg_10/msm_jpeg_platform.o
  CC      drivers/media/platform/msm/camera_v2/isp/msm_isp_stats_util.o
  CC      drivers/of/device.o
  CC      drivers/platform/msm/sps/sps_dma.o
  CC      drivers/media/rc/keymaps/rc-budget-ci-old.o
  CC      drivers/media/platform/msm/vidc/msm_venc.o
  CC      drivers/mmc/host/sdhci-msm.o
  CC      mm/memblock.o
  CC      lib/bug.o
  CC      net/ipv4/fib_semantics.o
  CC      sound/soc/msm/qdsp6v2/msm-pcm-voip-v2.o
  CC      drivers/mmc/core/mmc_ops.o
  CC      drivers/rtc/rtc-lib.o
  CC      drivers/media/rc/ir-rc6-decoder.o
  CC      drivers/misc/ti_drv2667.o
  CC      drivers/platform/msm/qpnp-power-on.o
  CC      drivers/media/platform/msm/camera_v2/isp/msm_isp40.o
  CC      drivers/media/platform/msm/camera_v2/msm_buf_mgr/msm_generic_buf_mgr.o
  CC      net/core/fib_rules.o
  CC      drivers/misc/qpnp-misc.o
  CC      fs/debugfs/file.o
  CC      drivers/regulator/dummy.o
  CC      drivers/media/rc/keymaps/rc-cinergy-1400.o
  CC      drivers/md/dm-builtin.o
  CC      drivers/media/video/v4l2-subdev.o
  CC      drivers/net/ppp/ppp_generic.o
  LD      drivers/mfd/built-in.o
  CC      net/netfilter/nf_nat_proto_common.o
  CC      lib/cmdline.o
  CC      drivers/net/ethernet/micrel/ks8851.o
  CC      kernel/range.o
  CC      drivers/media/common/tuners/tda827x.o
  CC      arch/arm/mach-msm/pil-msa.o
  CC      drivers/platform/msm/qpnp-clkdiv.o
  CC      mm/bounce.o
  CC      drivers/of/platform.o
  CC      drivers/media/rc/keymaps/rc-cinergy.o
  CC      net/ipv6/ah6.o
  CC      lib/cpumask.o
  CC      drivers/media/rc/ir-jvc-decoder.o
  CC      drivers/media/platform/msm/camera_v2/isp/msm_isp32.o
  CC      drivers/rtc/hctosys.o
  CC      drivers/media/platform/msm/camera_v2/msm_vb2/msm_vb2.o
  CC      drivers/gpu/msm/kgsl_snapshot.o
  CC      drivers/mmc/core/sd.o
  LD      drivers/media/platform/msm/camera_v2/jpeg_10/built-in.o
  CC      kernel/groups.o
  CC      drivers/platform/msm/sps/sps_map.o
  CC      drivers/hid/hid-ntrig.o
  CC      net/ipv4/fib_trie.o
  CC      mm/page_io.o
  CC      drivers/media/rc/keymaps/rc-dib0700-nec.o
  LD      drivers/media/platform/msm/camera_v2/msm_buf_mgr/built-in.o
  CC      net/core/net-traces.o
  CC      crypto/aes_generic.o
  CC      drivers/media/video/v4l2-int-device.o
  CC      drivers/net/slip/slip.o
  CC      drivers/media/platform/msm/camera_v2/pproc/cpp/msm_cpp.o
  CC      lib/ctype.o
  CC      drivers/media/rc/keymaps/rc-dib0700-rc5.o
  CC      drivers/md/dm-crypt.o
  CC      drivers/platform/msm/qpnp-coincell.o
  CC      arch/arm/mach-msm/pil-q6v5-mss.o
  CC      drivers/rtc/class.o
  CC      drivers/media/platform/msm/vidc/msm_smem.o
  CC      fs/devpts/inode.o
  LD      fs/debugfs/debugfs.o
  LD      fs/debugfs/built-in.o
  CC      crypto/arc4.o
  CC      drivers/of/gpio.o
  CC      lib/dec_and_lock.o
  CC      net/ipv6/esp6.o
  CC      drivers/media/rc/keymaps/rc-digitalnow-tinytwin.o
  CC      drivers/scsi/scsi.o
  CC      drivers/media/common/tuners/tda18271-maps.o
  CC      sound/soc/msm/qdsp6v2/msm-pcm-voice-v2.o
  CC      drivers/regulator/fixed-helper.o
  CC      drivers/regulator/of_regulator.o
  CC      drivers/misc/uid_cputime.o
  CC      mm/swap_state.o
  CC      drivers/media/rc/keymaps/rc-digittrade.o
  CC      lib/decompress.o
  CC      kernel/lglock.o
  CC      drivers/net/usb/asix.o
  CC      net/ipv4/inet_fragment.o
  CC      drivers/net/ppp/bsd_comp.o
  CC      drivers/media/platform/msm/camera_v2/sensor/actuator/msm_actuator.o
  CC      net/netfilter/nf_nat_proto_udp.o
  CC      arch/arm/mach-msm/pil-venus.o
  CC      drivers/media/rc/keymaps/rc-dm1105-nec.o
  CC      lib/decompress_bunzip2.o
  CC      drivers/of/of_i2c.o
  CC      net/ipv6/ipcomp6.o
  CC      drivers/net/slip/slhc.o
  CC      drivers/rtc/interface.o
  CC      drivers/net/ppp/ppp_deflate.o
  LD      drivers/media/platform/msm/camera_v2/msm_vb2/built-in.o
  CC      drivers/platform/msm/avtimer.o
  CC      drivers/mmc/core/sd_ops.o
  CC      drivers/sensors/sensors_core.o
  CC      drivers/gpu/msm/kgsl_events.o
  CC      fs/ecryptfs/dentry.o
  CC      drivers/platform/msm/qpnp-revid.o
  CC      drivers/media/rc/keymaps/rc-dntv-live-dvb-t.o
  CC      drivers/scsi/hosts.o
  CC      drivers/media/rc/ir-sony-decoder.o
  CC      drivers/mmc/core/sdio.o
  CC      drivers/media/common/tuners/tda18271-common.o
  LD      fs/devpts/devpts.o
  CC      kernel/events/core.o
  LD      fs/devpts/built-in.o
  CC      drivers/regulator/fixed.o
  LD      net/wireless/cfg80211.o
  CC      crypto/deflate.o
  CC      drivers/hid/hid-ortek.o
  LD      net/wireless/built-in.o
  CC      drivers/media/rc/keymaps/rc-dntv-live-dvbt-pro.o
  LD      drivers/net/ethernet/micrel/built-in.o
  CC      drivers/net/ppp/ppp_mppe.o
  CC      crypto/crc32c.o
  CC      fs/exfat/exfat.o
  CC      drivers/net/ethernet/msm/msm_rmnet_bam.o
  CC      drivers/media/platform/msm/camera_v2/sensor/cci/msm_cci.o
  CC      drivers/of/of_net.o
  CC      lib/decompress_inflate.o
  CC      drivers/slimbus/slimbus.o
  CC      drivers/mmc/core/sdio_ops.o
  CC      sound/soc/msm/qdsp6v2/msm-dai-q6-hdmi-v2.o
  CC      drivers/media/platform/msm/camera_v2/sensor/csid/msm_csid.o
  CC      drivers/media/common/tuners/tda18271-fe.o
  CC      drivers/rtc/rtc-dev.o
  CC      drivers/media/rc/keymaps/rc-em-terratec.o
  CC      drivers/sensors/gp2ap030.o
  CC      fs/ecryptfs/file.o
  CC      drivers/hid/hid-prodikeys.o
  CC      kernel/events/ring_buffer.o
  CC      drivers/net/usb/cdc_ether.o
  CC      arch/arm/mach-msm/bam_dmux.o
  CC      crypto/authenc.o
  CC      drivers/media/platform/msm/vidc/msm_vidc_debug.o
  CC      kernel/irq/irqdesc.o
  CC      drivers/scsi/scsi_ioctl.o
  CC      drivers/regulator/max77888-regulator.o
  CC      drivers/misc/sec_jack.o
  CC      mm/swapfile.o
  CC      lib/decompress_unlzma.o
  CC      drivers/scsi/constants.o
  CC      drivers/media/rc/keymaps/rc-encore-enltv2.o
  CC      drivers/of/of_spi.o
  CC      drivers/mmc/core/sdio_bus.o
  CC      net/netfilter/nf_nat_proto_tcp.o
  CC      fs/exfat/exfat_api.o
  CC      lib/dump_stack.o
  CC      drivers/media/video/v4l2-common.o
  CC      drivers/mmc/core/sdio_cis.o
  CC      drivers/media/rc/keymaps/rc-encore-enltv.o
  CC      drivers/slimbus/slim-msm.o
  CC      drivers/gpu/msm/kgsl_debugfs.o
  CC      sound/soc/msm/qdsp6v2/msm-lsm-client.o
  CC      drivers/scsi/scsicam.o
  CC      drivers/sensors/sx9500.o
  CC      fs/ecryptfs/inode.o
  CC      drivers/platform/msm/sps/sps_mem.o
  CC      kernel/events/callchain.o
  CC      drivers/spi/spi.o
  LD      drivers/media/platform/msm/camera_v2/isp/built-in.o
  CC      lib/extable.o
  LD      drivers/media/platform/msm/camera_v2/sensor/csid/built-in.o
  CC      crypto/authencesn.o
  CC      kernel/power/qos.o
  CC      drivers/media/rc/keymaps/rc-encore-enltv-fm53.o
  LD      drivers/md/dm-mod.o
  CC      kernel/irq/handle.o
  CC      arch/arm/mach-msm/smem_log.o
  CC      mm/frontswap.o
  CC      net/ipv4/ping.o
  LD      drivers/net/ethernet/msm/built-in.o
  LD      drivers/md/built-in.o
  CC      drivers/of/of_spmi.o
  CC      drivers/rtc/rtc-proc.o
  LD      drivers/net/ethernet/built-in.o
  CC      fs/exfat/exfat_blkdev.o
  CC      drivers/net/ppp/pppox.o
  CC      drivers/platform/msm/sps/sps_rm.o
  CC      drivers/media/rc/keymaps/rc-evga-indtube.o
  CC      lib/idr.o
  CC      drivers/spmi/spmi.o
  CC      drivers/hid/hid-pl.o
  CC      drivers/mmc/core/sdio_io.o
  CC      drivers/regulator/stub-regulator.o
  CC      net/ipv6/xfrm6_tunnel.o
  CC      drivers/media/rc/ir-rc5-sz-decoder.o
  CC      drivers/media/platform/msm/vidc/msm_vidc_res_parse.o
  CC      fs/ext2/balloc.o
  LD      drivers/media/platform/msm/camera_v2/sensor/cci/built-in.o
  CC      drivers/gpu/msm/kgsl_sync.o
  CC      drivers/slimbus/slim-msm-ngd.o
  CC      drivers/media/platform/msm/vidc/venus_hfi.o
  CC      drivers/media/rc/keymaps/rc-eztv.o
  CC      drivers/regulator/qpnp-regulator.o
  CC      mm/zswap.o
  CC      drivers/media/video/videobuf2-core.o
  CC      drivers/media/common/tuners/xc5000.o
  CC      arch/arm/mach-msm/ipc_logging.o
  LD      net/core/built-in.o
  CC      drivers/rtc/rtc-sysfs.o
  CC      kernel/irq/manage.o
  LD      drivers/media/platform/msm/camera_v2/sensor/actuator/built-in.o
  CC      net/ipv4/sysctl_net_ipv4.o
  CC      drivers/spi/spidev.o
  CC      drivers/gpu/msm/z180.o
  CC      drivers/media/rc/keymaps/rc-flydvb.o
  CC      fs/ext3/balloc.o
  CC      drivers/media/platform/msm/camera_v2/sensor/csiphy/msm_csiphy.o
  LD      drivers/net/slip/built-in.o
  CC      kernel/sched/core.o
  CC      drivers/hid/hid-petalynx.o
  CC      kernel/time/timekeeping.o
  CC      kernel/power/main.o
  CC      net/netfilter/nf_nat_helper.o
  CC      drivers/net/ppp/pppolac.o
  CC      drivers/staging/staging.o
  CC      drivers/of/of_slimbus.o
  CC      lib/int_sqrt.o
  CC      drivers/rtc/qpnp-rtc.o
  CC      drivers/spmi/spmi-resources.o
  CC      net/ipv6/tunnel6.o
  CC      kernel/trace/trace_clock.o
  CC      drivers/media/rc/keymaps/rc-flyvideo.o
  CC      sound/soc/msm/qdsp6v2/msm-audio-effects-q6-v2.o
  CC      kernel/irq/spurious.o
  CC      drivers/gpu/msm/z180_postmortem.o
  CC      drivers/mmc/core/sdio_irq.o
  CC      fs/ext2/dir.o
  CC      fs/ecryptfs/main.o
  CC      drivers/media/video/videobuf2-memops.o
  CC      drivers/media/common/tuners/xc4000.o
  CC      kernel/events/hw_breakpoint.o
  CC      lib/ioremap.o
  CC      drivers/net/ppp/pppopns.o
  CC      mm/dmapool.o
  CC      drivers/hid/hid-picolcd.o
  CC      drivers/staging/android/binder.o
  CC      drivers/media/platform/msm/camera_v2/sensor/eeprom/msm_eeprom.o
  CC      drivers/of/of_batterydata.o
  CC      fs/ext3/bitmap.o
  LD      drivers/sensors/built-in.o
  LD      drivers/media/platform/msm/camera_v2/pproc/cpp/built-in.o
  CC      kernel/time/ntp.o
  LD      drivers/misc/built-in.o
  LD      drivers/media/platform/msm/camera_v2/pproc/built-in.o
  CC      fs/exfat/exfat_cache.o
  CC      drivers/net/usb/smsc75xx.o
  CC      net/ipv6/xfrm6_mode_transport.o
  LD      drivers/platform/msm/sps/built-in.o
  CC      drivers/switch/switch_class.o
  CC      fs/ext4/balloc.o
  CC      drivers/mmc/core/quirks.o
  LD      drivers/platform/msm/built-in.o
  CC      fs/ext2/file.o
  CC      crypto/lzo.o
  LD      drivers/platform/built-in.o
  CC      fs/fuse/dev.o
  CC      fs/fat/cache.o
  CC      drivers/scsi/scsi_error.o
  CC      drivers/media/rc/keymaps/rc-fusionhdtv-mce.o
  CC      drivers/gpu/msm/z180_trace.o
  CC      drivers/spmi/spmi-pmic-arb.o
  LD      drivers/of/built-in.o
  CC      kernel/trace/ring_buffer.o
  CC      net/ipv4/sysfs_net_ipv4.o
  CC      drivers/hid/hid-roccat.o
  CC      fs/ext2/ialloc.o
  CC      drivers/media/platform/msm/camera_v2/sensor/flash/msm_led_flash.o
  LD      drivers/rtc/rtc-core.o
  LD      drivers/media/platform/msm/camera_v2/sensor/csiphy/built-in.o
  CC      kernel/power/process.o
  LD      drivers/rtc/built-in.o
  CC      net/netfilter/nfnetlink_queue_core.o
  CC      kernel/irq/resend.o
  CC      drivers/media/platform/msm/vidc/hfi_response_handler.o
  CC      drivers/spi/spi_qsd.o
  CC      kernel/sched/clock.o
  CC      drivers/media/rc/ir-sanyo-decoder.o
  LD      drivers/input/touchscreen/synaptics/built-in.o
  CC      drivers/media/rc/keymaps/rc-gadmei-rm008z.o
  CC      fs/exfat/exfat_data.o
  CC      crypto/lz4.o
  LD      drivers/switch/built-in.o
  LD      drivers/input/touchscreen/built-in.o
  CC      drivers/mmc/core/cd-gpio.o
  CC      lib/irq_regs.o
  CC      kernel/profile.o
  LD      drivers/input/built-in.o
  CC      kernel/freezer.o
  CC      sound/soc/msm/qdsp6v2/msm-pcm-loopback-v2.o
  CC      mm/slub.o
  CC      fs/ext4/bitmap.o
  CC      fs/fat/dir.o
  CC      net/ipv4/proc.o
  CC      drivers/spmi/qpnp-int.o
  CC      drivers/scsi/scsi_lib.o
  CC      fs/jbd/transaction.o
  CC      drivers/net/usb/smsc9500.o
  CC      drivers/media/rc/keymaps/rc-genius-tvgo-a11mce.o
  CC      drivers/media/common/tuners/mt2060.o
  CC      fs/ecryptfs/super.o
  CC      drivers/staging/android/ashmem.o
  CC      net/netfilter/nfnetlink_queue_ct.o
  CC      kernel/sched/idle_task.o
  CC      drivers/media/platform/msm/camera_v2/sensor/flash/msm_led_trigger.o
  CC      lib/is_single_threaded.o
  CC      crypto/rng.o
  CC      drivers/media/rc/ir-mce_kbd-decoder.o
  CC      drivers/media/platform/msm/camera_v2/sensor/io/msm_camera_io_util.o
  CC      fs/fuse/dir.o
  CC      drivers/media/rc/keymaps/rc-gotview7135.o
  LD      drivers/slimbus/built-in.o
  CC      lib/klist.o
  CC      fs/fat/fatent.o
  CC      kernel/stacktrace.o
  CC      kernel/power/suspend.o
  CC      fs/jbd2/transaction.o
  LD      drivers/gpu/msm/msm_kgsl_core.o
  CC      kernel/irq/chip.o
  LD      drivers/gpu/msm/msm_adreno.o
  CC      drivers/mmc/core/debugfs.o
  CC      sound/soc/msm/qdsp6v2/msm-pcm-dtmf-v2.o
  CC      fs/exfat/exfat_global.o
  CC      drivers/hid/hid-roccat-common.o
  CC      fs/jbd/commit.o
  CC      fs/ecryptfs/mmap.o
  CC      drivers/scsi/scsi_lib_dma.o
  LD      drivers/gpu/msm/msm_z180.o
  CC      fs/ext3/dir.o
  LD      drivers/gpu/msm/built-in.o
  CC      kernel/trace/trace.o
  LD      drivers/regulator/built-in.o
  CC      drivers/media/rc/keymaps/rc-imon-mce.o
  CC      drivers/media/common/tuners/mt2063.o
  CC      drivers/media/video/videobuf2-vmalloc.o
  CC      fs/jbd/recovery.o
  LD      drivers/gpu/built-in.o
  CC      fs/jbd2/commit.o
  CC      drivers/staging/android/logger.o
  LD      drivers/media/platform/msm/camera_v2/sensor/flash/built-in.o
  CC      crypto/krng.o
  CC      fs/fuse/file.o
  CC      kernel/time/clocksource.o
  CC      fs/ext2/inode.o
  CC      net/netfilter/nfnetlink.o
  CC      arch/arm/mach-msm/ipc_logging_debug.o
  CC      drivers/spmi/spmi-dbgfs.o
  CC      net/ipv4/fib_rules.o
  CC      drivers/hid/hid-roccat-arvo.o
  LD      drivers/net/ppp/built-in.o
  CC      fs/ext4/dir.o
  CC      drivers/media/platform/msm/camera_v2/sensor/io/msm_camera_cci_i2c.o
  CC      drivers/hid/hid-roccat-isku.o
  CC      fs/jbd/checkpoint.o
  CC      mm/migrate.o
  CC      net/ipv6/xfrm6_mode_tunnel.o
  CC      drivers/media/platform/msm/camera_v2/sensor/io/msm_camera_qup_i2c.o
  CC      lib/kobject.o
  CC      crypto/drbg.o
  CC      drivers/media/rc/keymaps/rc-imon-pad.o
  CC      fs/ext4/file.o
  CC      net/ipv6/xfrm6_mode_beet.o
  CC      kernel/irq/dummychip.o
  CC      fs/jbd2/recovery.o
  CC      fs/nls/nls_base.o
  CC      drivers/hid/hid-roccat-kone.o
  CC      drivers/media/rc/keymaps/rc-iodata-bctv7e.o
  CC      drivers/media/video/videobuf2-dma-contig.o
  CC      drivers/media/common/tuners/mt2266.o
  CC      kernel/trace/trace_output.o
  CC      fs/fuse/inode.o
  CC      drivers/media/platform/msm/camera_v2/sensor/msm_sensor_init.o
  CC      sound/soc/msm/qdsp6v2/msm-dai-stub-v2.o
  CC      lib/kobject_uevent.o
  CC      fs/fat/file.o
  CC      fs/notify/fsnotify.o
  LD      drivers/mmc/core/mmc_core.o
  CC      drivers/media/rc/keymaps/rc-it913x-v1.o
  CC      fs/jbd2/checkpoint.o
  LD      drivers/mmc/core/built-in.o
  CC      fs/ext3/file.o
  CC      drivers/media/rc/ir-lirc-codec.o
  CC      fs/ext2/ioctl.o
  CC      kernel/futex.o
  CC      drivers/staging/vnswap/vnswap.o
  CC      fs/exfat/exfat_nls.o
  CC      kernel/power/autosleep.o
  CC      kernel/trace/trace_stat.o
  CC      fs/nls/nls_cp437.o
  CC      kernel/time/jiffies.o
  CC      crypto/tcrypt.o
  LD      drivers/spmi/built-in.o
  CC      lib/md5.o
  CC      net/netfilter/nfnetlink_log.o
  CC      fs/jbd/revoke.o
  LD      drivers/media/platform/msm/camera_v2/sensor/eeprom/built-in.o
  CC      drivers/media/common/tuners/qt1010.o
  CC      drivers/media/rc/keymaps/rc-it913x-v2.o
  CC      drivers/scsi/scsi_scan.o
  CC      drivers/staging/android/persistent_ram.o
  CC      drivers/media/platform/msm/vidc/hfi_packetization.o
  CC      kernel/irq/devres.o
  CC      net/ipv4/ah4.o
  CC      drivers/media/video/videobuf2-dma-sg.o
  CC      fs/notify/notification.o
  CC      fs/ecryptfs/read_write.o
  CC      drivers/media/platform/msm/camera_v2/sensor/io/msm_camera_i2c_mux.o
  CC      kernel/trace/trace_printk.o
  CC      fs/nls/nls_ascii.o
  CC      sound/soc/msm/qdsp6v2/msm-dolby-dap-config.o
  CC      drivers/net/usb/smscusbnet.o
  CC      fs/ext3/fsync.o
  LD      drivers/media/rc/rc-core.o
  CC      drivers/hid/hid-roccat-koneplus.o
  CC      drivers/staging/vnswap/vnswap_sysfs.o
  CC      kernel/time/timer_list.o
  CC      kernel/power/wakelock.o
  CC      drivers/media/rc/keymaps/rc-kaiomy.o
  CC      fs/exfat/exfat_oal.o
  CC      kernel/rtmutex.o
  CC      fs/ext4/fsync.o
  CC      fs/nls/nls_iso8859-1.o
  CC      fs/proc/mmu.o
  CC      net/ipv6/mip6.o
  CC      drivers/media/platform/msm/vidc/vidc_hfi.o
  CC      drivers/media/platform/msm/vidc/q6_hfi.o
  CC      arch/arm/mach-msm/socinfo.o
  CC      net/ipv4/esp4.o
  CC      crypto/ghash-generic.o
  CC      fs/ext2/namei.o
  CC      kernel/sched/fair.o
  CC      kernel/irq/autoprobe.o
  LD      drivers/mmc/host/built-in.o
  CC      drivers/scsi/scsi_sysfs.o
  LD      drivers/mmc/built-in.o
  CC      drivers/staging/android/ram_console.o
  CC      fs/ecryptfs/crypto.o
  CC      lib/memory_alloc.o
  CC      fs/nls/nls_utf8.o
  CC      drivers/media/platform/msm/camera_v2/sensor/io/msm_camera_spi.o
  CC      sound/soc/msm/qdsp6v2/q6adm.o
  LD      drivers/spi/built-in.o
  CC      fs/fuse/control.o
  CC      drivers/media/common/tuners/mt2131.o
  CC      drivers/net/usb/net1080.o
  CC      drivers/media/rc/keymaps/rc-kworld-315u.o
  CC      fs/proc/task_mmu.o
  CC      kernel/power/poweroff.o
  CC      fs/exfat/exfat_upcase.o
  CC      kernel/time/timecompare.o
  CC      drivers/media/video/videobuf2-msm-mem.o
  CC      fs/ext4/ialloc.o
  CC      mm/zsmalloc.o
  CC      kernel/smp.o
  CC      fs/ext3/ialloc.o
  CC      drivers/media/rc/keymaps/rc-kworld-pc150u.o
  CC      net/ipv6/netfilter/ip6_tables.o
  CC      fs/fat/inode.o
  LD      fs/nls/built-in.o
  CC      crypto/last_file.o
  CC      kernel/power/wakeup_reason.o
  CC      fs/jbd/journal.o
  CC      fs/notify/group.o
  CC      kernel/irq/irqdomain.o
  CC      kernel/time/timeconv.o
  CC      drivers/staging/android/timed_output.o
  CC      fs/exfat/exfat_xattr.o
  CC      kernel/irq/proc.o
  CC      fs/fat/misc.o
  CC      drivers/staging/android/timed_gpio.o
  CC      fs/ext2/super.o
  CC      net/ipv4/ipcomp.o
  CC      drivers/scsi/scsi_devinfo.o
  CC      fs/proc/inode.o
  CC      drivers/net/usb/cdc_subset.o
  CC      fs/jbd2/revoke.o
  CC      drivers/media/platform/msm/camera_v2/sensor/msm_sensor_driver.o
  CC      net/ipv6/sit.o
  CC      drivers/hid/hid-roccat-kovaplus.o
  CC      fs/proc/root.o
  CC      kernel/irq/pm.o
  CC      drivers/media/rc/keymaps/rc-kworld-plus-tv-analog.o
  LD      drivers/staging/vnswap/built-in.o
  CC      fs/exfat/exfat_super.o
  CC      drivers/media/common/tuners/mxl5005s.o
  CC      net/netfilter/nf_conntrack_proto_dccp.o
  CC      kernel/spinlock.o
  CC      kernel/time/posix-clock.o
  CC      arch/arm/mach-msm/smd_tty.o
  CC      fs/ext3/inode.o
  CC      fs/ramfs/inode.o
  CC      drivers/media/rc/keymaps/rc-leadtek-y04g0051.o
  CC      fs/notify/inode_mark.o
  CC      drivers/hid/hid-roccat-pyra.o
  CC      kernel/trace/trace_sched_switch.o
  CC      kernel/sched/rt.o
  CC      fs/ecryptfs/keystore.o
  LD      kernel/power/built-in.o
  CC      drivers/media/video/gspca/gspca.o
  CC      net/ipv6/addrconf_core.o
  LD      crypto/crypto.o
  CC      drivers/scsi/scsi_sysctl.o
  CC      net/ipv4/xfrm4_tunnel.o
  CC      sound/soc/msm/qdsp6v2/q6afe.o
  CC      fs/jbd2/journal.o
  CC      fs/ext4/inode.o
  CC      drivers/media/platform/msm/camera_v2/sensor/io/msm_camera_dt_util.o
  CC      kernel/time/alarmtimer.o
  CC      drivers/media/platform/msm/camera_v2/sensor/msm_sensor.o
  CC      net/ipv6/netfilter/ip6table_filter.o
  CC      net/netfilter/nf_conntrack_proto_gre.o
  CC      drivers/hid/hid-samsung.o
  CC      drivers/media/rc/keymaps/rc-lirc.o
  CC      fs/notify/mark.o
  CC      lib/plist.o
  CC      fs/proc/base.o
  LD      kernel/irq/built-in.o
  CC      drivers/net/usb/zaurus.o
  CC      fs/ext3/ioctl.o
  CC      drivers/scsi/scsi_proc.o
  CC      fs/proc/generic.o
  CC      fs/ext2/symlink.o
  CC      kernel/sched/stop_task.o
  LD      fs/fuse/fuse.o
  CC      fs/ecryptfs/kthread.o
  LD      fs/fuse/built-in.o
  CC      fs/fat/xattr.o
  LD      kernel/events/built-in.o
  CC      drivers/thermal/thermal_sys.o
  CC      arch/arm/mach-msm/smd_qmi.o
  CC      lib/prio_heap.o
  CC      net/ipv6/netfilter/ip6table_mangle.o
  CC      drivers/scsi/scsi_trace.o
  CC      fs/ramfs/file-mmu.o
  CC      fs/notify/vfsmount_mark.o
  CC      drivers/media/video/uvc/uvc_driver.o
  CC      sound/soc/msm/qdsp6v2/q6asm.o
  CC      drivers/media/rc/keymaps/rc-lme2510.o
  CC      drivers/media/common/tuners/mxl5007t.o
  LD      mm/built-in.o
  CC      drivers/scsi/scsi_pm.o
  LD      crypto/crypto_algapi.o
  CC      fs/ext3/namei.o
  CC      fs/ext2/xattr.o
  CC      fs/proc/array.o
  CC      drivers/staging/android/lowmemorykiller.o
  LD      crypto/crypto_blkcipher.o
  CC      fs/sdcardfs/dentry.o
  CC      fs/ext4/page-io.o
  CC      kernel/trace/trace_nop.o
  CC      fs/fat/namei_vfat.o
  CC      lib/prio_tree.o
  CC      fs/ecryptfs/debug.o
  CC      drivers/media/video/ir-kbd-i2c.o
  CC      net/ipv6/netfilter/ip6table_raw.o
  LD      crypto/built-in.o
  CC      drivers/tty/tty_io.o
  CC      fs/ecryptfs/ecryptfs_dek.o
  LD      fs/ramfs/ramfs.o
  CC      drivers/tty/n_tty.o
  CC      drivers/media/rc/keymaps/rc-manli.o
  LD      fs/ramfs/built-in.o
  CC      arch/arm/mach-msm/smd_pkt.o
  CC      lib/proportions.o
  CC      net/ipv4/xfrm4_mode_beet.o
  CC      net/ipv6/exthdrs_core.o
  CC      drivers/scsi/scsi_tgt_lib.o
  CC      net/netfilter/nf_conntrack_proto_sctp.o
  CC      kernel/time/clockevents.o
  CC      fs/sdcardfs/file.o
  CC      net/ipv6/netfilter/nf_conntrack_l3proto_ipv6.o
  CC      drivers/hid/hid-sjoy.o
  CC      drivers/uio/uio.o
  CC      fs/notify/dnotify/dnotify.o
  CC      drivers/media/common/tuners/mc44s803.o
  CC      lib/radix-tree.o
  CC      net/ipv6/netfilter/nf_conntrack_proto_icmpv6.o
  CC      drivers/media/rc/keymaps/rc-medion-x10.o
  CC      sound/soc/msm/qdsp6v2/q6audio-v2.o
  CC      drivers/net/usb/usbnet.o
  CC      kernel/uid16.o
  CC      kernel/sched/sched_avg.o
  CC      drivers/usb/class/cdc-acm.o
  CC      fs/proc/proc_tty.o
  CC      arch/arm/mach-msm/smd_nmea.o
  CC      drivers/thermal/msm_thermal.o
  LD      fs/notify/dnotify/built-in.o
  CC      drivers/media/rc/keymaps/rc-msi-digivox-ii.o
  CC      drivers/hid/hid-sony.o
  CC      drivers/scsi/scsi_tgt_if.o
  CC      fs/ext2/xattr_user.o
  CC      fs/notify/inotify/inotify_fsnotify.o
  CC      kernel/time/tick-common.o
  CC      drivers/thermal/msm_thermal-dev.o
  CC      drivers/media/rc/keymaps/rc-msi-digivox-iii.o
  CC      drivers/uio/msm_sharedmem.o
  CC      drivers/media/rc/keymaps/rc-msi-tvanywhere.o
  CC      drivers/media/video/uvc/uvc_queue.o
  CC      kernel/trace/blktrace.o
  CC      fs/sdcardfs/inode.o
  CC      kernel/time/tick-broadcast.o
  CC      net/ipv4/tunnel4.o
  CC      net/netfilter/nf_conntrack_proto_udplite.o
  CC      drivers/media/common/tuners/max2165.o
  CC      fs/ecryptfs/mm.o
  LD      drivers/uio/built-in.o
  CC      net/ipv6/output_core.o
  CC      kernel/sched/cpupri.o
  CC      arch/arm/mach-msm/reset_modem.o
  CC      fs/ext2/xattr_trusted.o
  CC      fs/ecryptfs/ecryptfs_sdp_chamber.o
  CC      drivers/thermal/msm8974-tsens.o
  CC      lib/ratelimit.o
  CC      net/netfilter/nf_conntrack_netlink.o
  CC      net/ipv4/xfrm4_mode_transport.o
  LD      drivers/usb/class/built-in.o
  CC      fs/sdcardfs/main.o
  CC      drivers/tty/tty_ioctl.o
  CC      drivers/hid/hid-sunplus.o
  CC      arch/arm/mach-msm/ipc_router_smd_xprt.o
  CC      kernel/time/tick-oneshot.o
  CC      net/ipv4/xfrm4_mode_tunnel.o
  CC      fs/notify/inotify/inotify_user.o
  CC      fs/ext4/ioctl.o
  CC      drivers/net/usb/cdc_ncm.o
  CC      drivers/usb/core/usb.o
  CC      drivers/video/fb_notify.o
  CC      drivers/media/video/uvc/uvc_v4l2.o
  CC      drivers/scsi/sd.o
  CC      drivers/video/fbmem.o
  CC      drivers/media/rc/keymaps/rc-msi-tvanywhere-plus.o
  CC      fs/sdcardfs/super.o
  CC      net/ipv4/ipconfig.o
  LD      drivers/media/video/videodev.o
  CC      lib/rbtree.o
  CC      net/ipv4/netfilter.o
  CC      kernel/time/tick-sched.o
  LD      fs/jbd/jbd.o
  LD      drivers/media/platform/msm/camera_v2/sensor/io/built-in.o
  CC      fs/sdfat/sdfat.o
  CC      drivers/media/common/tuners/tda18218.o
  LD      fs/jbd/built-in.o
  LD      fs/exfat/exfat_core.o
  CC      fs/sdfat/core.o
  CC      fs/ext2/xattr_security.o
  LD      drivers/media/platform/msm/camera_v2/sensor/built-in.o
  CC      fs/proc/cmdline.o
  CC      drivers/usb/core/hub.o
  CC      fs/ext3/super.o
  LD      fs/exfat/exfat_fs.o
  CC      fs/sysfs/inode.o
  CC      fs/sdfat/core_fat.o
  LD      drivers/media/platform/msm/camera_v2/built-in.o
  LD      fs/exfat/built-in.o
  CC      drivers/media/rc/keymaps/rc-nebula.o
  CC      fs/proc/consoles.o
  CC      net/netfilter/nfnetlink_cthelper.o
  CC      kernel/trace/trace_events.o
  LD      drivers/media/video/gspca/gspca_main.o
  LD      drivers/media/video/gspca/built-in.o
  CC      fs/ext3/symlink.o
  CC      net/netfilter/nf_conntrack_amanda.o
  LD      fs/ext2/ext2.o
  CC      drivers/hid/hid-gaff.o
  CC      drivers/staging/android/alarm-dev.o
  CC      fs/sysfs/file.o
  CC      drivers/usb/dwc3/core.o
  LD      fs/ext2/built-in.o
  CC      drivers/media/rc/keymaps/rc-nec-terratec-cinergy-xs.o
  CC      lib/reciprocal_div.o
  CC      kernel/time/timer_stats.o
  CC      fs/sdfat/core_exfat.o
  CC      fs/sdcardfs/lookup.o
  LD      fs/ecryptfs/ecryptfs.o
  CC      drivers/hid/hid-tmff.o
  CC      drivers/tty/tty_ldisc.o
  CC      drivers/usb/gadget/udc-core.o
  CC      drivers/usb/core/hcd.o
  CC      drivers/video/fbmon.o
  LD      fs/ecryptfs/built-in.o
  CC      net/ipv6/netfilter/nf_defrag_ipv6_hooks.o
  LD      fs/fat/fat.o
  CC      fs/ext3/hash.o
  CC      arch/arm/mach-msm/ipc_router.o
  CC      fs/ext4/namei.o
  LD      fs/fat/vfat.o
  CC      fs/eventpoll.o
  LD      fs/fat/built-in.o
  LD      kernel/time/built-in.o
  CC      drivers/media/rc/keymaps/rc-norwood.o
  CC      fs/sysfs/dir.o
  CC      net/ipv6/inet6_hashtables.o
  LD      fs/notify/inotify/built-in.o
  CC      drivers/hid/hid-topseed.o
  LD      fs/notify/built-in.o
  CC      lib/rwsem-spinlock.o
  CC      fs/anon_inodes.o
  CC      drivers/media/video/uvc/uvc_video.o
  CC      fs/proc/cpuinfo.o
  CC      drivers/media/common/tuners/tda18212.o
  CC      drivers/scsi/sg.o
  CC      drivers/usb/dwc3/host.o
  CC      net/netfilter/nf_conntrack_ftp.o
  CC      drivers/usb/gadget/android.o
  CC      drivers/usb/otg/otg.o
  CC      fs/sdcardfs/mmap.o
  CC      kernel/trace/trace_export.o
  CC      net/ipv4/netfilter/nf_conntrack_l3proto_ipv4_compat.o
  CC      drivers/usb/notify/host_notify_class.o
  CC      drivers/hid/hid-twinhan.o
  CC      drivers/usb/host/xhci.o
  CC      sound/soc/msm/qdsp6v2/q6voice.o
  CC      fs/proc/devices.o
  CC      drivers/media/rc/keymaps/rc-npgtech.o
  CC      drivers/usb/gadget/multi_config.o
  CC      drivers/video/fbcmap.o
  CC      drivers/usb/serial/usb-serial.o
  CC      lib/sha1.o
  CC      arch/arm/mach-msm/ipc_socket.o
  LD      net/ipv6/ipv6.o
  LD      drivers/usb/otg/built-in.o
  CC      drivers/usb/dwc3/gadget.o
  CC      fs/sdfat/api.o
  CC      sound/soc/msm/qdsp6v2/q6core.o
  LD      net/netfilter/nf_conntrack_h323.o
  CC      fs/sdcardfs/packagelist.o
  CC      fs/proc/interrupts.o
  CC      drivers/hid/hid-uclogic.o
  CC      fs/sdfat/blkdev.o
  CC      kernel/sched/stats.o
  CC      fs/signalfd.o
  CC      fs/sdfat/fatent.o
  CC      drivers/usb/dwc3/ep0.o
  CC      fs/sdfat/amap_smart.o
  CC      fs/sdfat/cache.o
  CC      drivers/media/rc/keymaps/rc-pctv-sedna.o
  CC      drivers/usb/core/urb.o
  CC      net/ipv6/netfilter/nf_conntrack_reasm.o
  CC      fs/ext4/super.o
  CC      drivers/usb/serial/generic.o
  CC      kernel/trace/trace_event_perf.o
  CC      drivers/usb/dwc3/dwc3_otg.o
  CC      lib/show_mem.o
  CC      fs/ext3/resize.o
  CC      fs/proc/loadavg.o
  CC      drivers/media/rc/keymaps/rc-philips.o
  LD      drivers/net/usb/built-in.o
  CC      fs/proc/meminfo.o
  CC      drivers/media/video/uvc/uvc_ctrl.o
  CC      fs/sysfs/symlink.o
  CC      fs/sdcardfs/derived_perm.o
  CC      drivers/usb/core/message.o
  CC      drivers/tty/tty_buffer.o
  CC      kernel/module.o
  LD      drivers/net/built-in.o
  CC      lib/string.o
  CC      sound/soc/msm/qdsp6v2/audio_acdb.o
  CC      drivers/media/rc/keymaps/rc-pinnacle-color.o
  CC      fs/proc/stat.o
  CC      drivers/usb/notify/host_notifier.o
  CC      drivers/hid/hid-zagg.o
  CC      fs/sdfat/dfr.o
  CC      drivers/usb/notify/usb_notify_sysfs.o
  CC      drivers/video/fbsysfs.o
  CC      drivers/hid/hid-zpff.o
  CC      fs/timerfd.o
  CC      drivers/usb/host/xhci-mem.o
  CC      net/ipv6/netfilter/ip6t_rpfilter.o
  CC      fs/ext4/symlink.o
  CC      net/ipv4/netfilter/nf_conntrack_l3proto_ipv4.o
  CC      drivers/thermal/qpnp-temp-alarm.o
  CC      fs/ext3/ext3_jbd.o
  CC      arch/arm/mach-msm/msm_ipc_router_security.o
  CC      fs/sysfs/mount.o
  CC      drivers/media/rc/keymaps/rc-pinnacle-grey.o
  CC      drivers/usb/core/driver.o
  CC      drivers/usb/storage/alauda.o
  CC      drivers/thermal/qpnp-adc-tm.o
  LD      drivers/media/common/tuners/tda18271.o
  CC      drivers/usb/core/config.o
  LD      drivers/media/common/tuners/built-in.o
  CC      drivers/usb/serial/bus.o
  CC      drivers/usb/host/xhci-ring.o
  CC      drivers/usb/usb-common.o
  CC      net/ipv4/inet_diag.o
  CC      sound/soc/msm/qdsp6v2/rtac.o
  CC      drivers/usb/dwc3/debugfs.o
  CC      drivers/video/modedb.o
  CC      lib/timerqueue.o
  CC      net/ipv6/netfilter/ip6t_REJECT.o
  LD      drivers/media/common/built-in.o
  CC      drivers/tty/tty_port.o
  CC      fs/proc/uptime.o
  CC      fs/ext4/hash.o
  CC      drivers/usb/host/xhci-hub.o
  LD      drivers/usb/notify/built-in.o
  CC      net/ipv4/netfilter/nf_conntrack_proto_icmp.o
  CC      kernel/sched/debug.o
  CC      kernel/trace/trace_events_filter.o
  CC      drivers/media/rc/keymaps/rc-pinnacle-pctv-hd.o
  CC      net/netfilter/nf_conntrack_irc.o
  CC      drivers/media/video/uvc/uvc_status.o
  CC      arch/arm/mach-msm/msm_qmi_interface.o
  LD      fs/jbd2/jbd2.o
  CC      drivers/usb/serial/pl2303.o
  CC      drivers/media/video/uvc/uvc_isight.o
  LD      fs/jbd2/built-in.o
  CC      drivers/media/video/uvc/uvc_debugfs.o
  CC      drivers/usb/host/xhci-dbg.o
  CC      fs/sdcardfs/xattr.o
  CC      drivers/usb/storage/cypress_atacb.o
  CC      kernel/kallsyms.o
  CC      lib/vsprintf.o
  CC      fs/ext4/resize.o
  CC      sound/soc/msm/qdsp6v2/q6lsm.o
  CC      drivers/media/rc/keymaps/rc-pixelview.o
  CC      drivers/usb/dwc3/dwc3-msm.o
  CC      drivers/tty/tty_mutex.o
  CC      kernel/cgroup.o
  CC      fs/proc/version.o
  CC      drivers/hid/hid-zydacron.o
  LD      fs/sdcardfs/sdcardfs.o
  LD      fs/sdcardfs/built-in.o
  CC      net/ipv4/tcp_diag.o
  CC      drivers/media/rc/keymaps/rc-pixelview-mk12.o
  CC      fs/sysfs/bin.o
  CC      fs/ext3/xattr.o
  CC      net/ipv4/netfilter/nf_nat_l3proto_ipv4.o
  CC      fs/sdfat/nls.o
  CC      drivers/usb/host/xhci-plat.o
  CC      fs/proc/softirqs.o
  CC      drivers/video/fbcvt.o
  CC      drivers/media/rc/keymaps/rc-pixelview-002t.o
  CC      fs/proc/namespaces.o
  CC      arch/arm/mach-msm/smd_rpc_sym.o
  CC      drivers/scsi/ch.o
  CC      drivers/hid/hid-wacom.o
  CC      kernel/trace/trace_kprobe.o
  CC      net/netfilter/nf_conntrack_broadcast.o
  CC      kernel/cgroup_freezer.o
  CC      fs/eventfd.o
  CC      net/ipv4/tcp_cubic.o
  CC      fs/sysfs/group.o
  CC      drivers/usb/storage/datafab.o
  CC      net/ipv4/netfilter/nf_nat_proto_icmp.o
  CC      drivers/tty/pty.o
  LD      net/ipv6/netfilter/nf_conntrack_ipv6.o
  CC      drivers/media/rc/keymaps/rc-pixelview-new.o
  CC      net/ipv4/netfilter/nf_defrag_ipv4.o
  CC      drivers/hid/hid-waltop.o
  CC      fs/ext3/xattr_user.o
  LD      sound/soc/msm/qdsp6v2/ocmem-audio.o
  CC      fs/ext3/xattr_trusted.o
  CC      drivers/media/video/uvc/uvc_entity.o
  CC      drivers/video/backlight/lcd.o
  CC      drivers/hid/hid-synaptics-bt.o
  CC      drivers/usb/core/file.o
  LD      drivers/usb/serial/usbserial.o
  CC [M]  drivers/scsi/scsi_wait_scan.o
  CC      kernel/trace/power-traces.o
  CC      drivers/media/rc/keymaps/rc-powercolor-real-angel.o
  LD      lib/built-in.o
  CC      net/netfilter/nf_conntrack_netbios_ns.o
  LD      drivers/usb/dwc3/dwc3.o
  CC      fs/sdfat/misc.o
  CC      drivers/tty/tty_audit.o
  CC      drivers/usb/storage/ene_ub6250.o
  CC      fs/aio.o
  LD      drivers/staging/android/built-in.o
  LD      drivers/staging/built-in.o
  LD      net/ipv6/netfilter/nf_defrag_ipv6.o
  CC      kernel/trace/rpm-traces.o
  LD      sound/soc/msm/qdsp6v2/snd-soc-qdsp6v2.o
  CC      drivers/video/console/dummycon.o
  CC      drivers/hid/usbhid/hid-core.o
  CC      fs/ext4/extents.o
  CC      kernel/res_counter.o
  LD      fs/sysfs/built-in.o
  CC      drivers/video/backlight/backlight.o
  LD      drivers/media/video/uvc/uvcvideo.o
  CC      fs/proc/stlog.o
  CC      drivers/media/rc/keymaps/rc-proteus-2309.o
  CC      drivers/usb/core/buffer.o
  LD      drivers/media/video/uvc/built-in.o
  LD      drivers/media/video/built-in.o
  CC      net/ipv4/netfilter/nf_nat_h323.o
  CC      fs/proc/proc_sysctl.o
  LD      drivers/scsi/scsi_mod.o
  CC      fs/proc/proc_net.o
  CC      fs/sdfat/mpage.o
  CC      drivers/usb/storage/freecom.o
  LD      drivers/hid/hid.o
  CC      arch/arm/mach-msm/msm_bus/msm_bus_core.o
  LD      drivers/scsi/scsi_tgt.o
  LD      drivers/usb/serial/built-in.o
  CC      net/netfilter/nf_conntrack_pptp.o
  CC      arch/arm/mach-msm/msm_bus/msm_bus_fabric.o
  CC      drivers/hid/usbhid/hid-quirks.o
  CC      kernel/stop_machine.o
  CC      fs/proc/kmsg.o
  CC      drivers/media/rc/keymaps/rc-purpletv.o
  CC      drivers/video/msm/mhl_v2/sii8240/sii8240.o
  CC      net/ipv4/xfrm4_policy.o
  CC      kernel/audit.o
  CC      fs/proc/page.o
  CC      drivers/usb/storage/isd200.o
  LD      net/ipv6/netfilter/built-in.o
  CC      drivers/usb/core/sysfs.o
  LD      drivers/video/console/built-in.o
  CC      fs/ext4/ext4_jbd2.o
  LD      net/ipv6/built-in.o
  CC      drivers/video/msm/mdss/mdss_dsi.o
  CC      arch/arm/mach-msm/msm_bus/msm_bus_config.o
  CC      net/ipv4/netfilter/nf_nat_pptp.o
  LD      drivers/scsi/sd_mod.o
  CC      drivers/tty/sysrq.o
  CC      drivers/media/rc/keymaps/rc-pv951.o
  CC      drivers/video/msm/mhl_v2/sii8240/sii8240_platform.o
  LD      drivers/thermal/built-in.o
  CC      fs/locks.o
  CC      net/ipv4/xfrm4_state.o
  CC      drivers/video/msm/mdss/mdss_dsi_host.o
  CC      arch/arm/mach-msm/msm_bus/msm_bus_arb.o
  CC      fs/ext4/migrate.o
  CC      arch/arm/mach-msm/msm_bus/msm_bus_bimc.o
  CC      kernel/auditfilter.o
  CC      fs/sdfat/extent.o
  CC      drivers/media/rc/keymaps/rc-hauppauge.o
  CC      net/ipv4/netfilter/nf_nat_proto_gre.o
  CC      arch/arm/mach-msm/msm_bus/msm_bus_noc.o
  CC      arch/arm/mach-msm/qdsp6v2/apr.o
  CC      drivers/video/msm/mdss/mdss_dsi_cmd.o
  CC      net/netfilter/nf_conntrack_sane.o
  CC      net/ipv4/xfrm4_input.o
  CC      fs/binfmt_script.o
  CC      drivers/tty/serial/serial_core.o
  CC      fs/ext4/mballoc.o
  CC      drivers/video/cfbfillrect.o
  LD      drivers/video/backlight/built-in.o
  CC      arch/arm/mach-msm/pm-boot.o
/home/kamil/android_kernel_samsung_msm8974/drivers/usb/storage/ene_ub6250.c: In function 'ene_ms_init':
/home/kamil/android_kernel_samsung_msm8974/drivers/usb/storage/ene_ub6250.c:2118:1: warning: the frame size of 1104 bytes is larger than 1024 bytes [-Wframe-larger-than=]
 }
 ^
  CC      drivers/usb/storage/jumpshot.o
  CC      drivers/usb/core/endpoint.o
  CC      kernel/auditsc.o
  CC      fs/sdfat/xattr.o
  CC      fs/ext4/block_validity.o
  LD      drivers/scsi/built-in.o
  CC      arch/arm/mach-msm/qdsp6v2/apr_v2.o
  CC      drivers/usb/storage/karma.o
  CC      drivers/media/rc/keymaps/rc-rc6-mce.o
  CC      net/ipv4/xfrm4_output.o
  CC      arch/arm/mach-msm/msm_bus/msm_bus_of.o
  CC      drivers/tty/serial/msm_serial_hs.o
  CC      arch/arm/mach-msm/msm_bus/msm_bus_rpm_smd.o
  LD      sound/soc/msm/qdsp6v2/built-in.o
  CC      fs/binfmt_elf.o
  CC      drivers/video/msm/mdss/mdss_dsi_status.o
  LD      sound/soc/msm/built-in.o
  CC      arch/arm/mach-msm/qdsp6v2/apr_tal.o
  CC      fs/sdfat/statistics.o
  CC      drivers/video/cfbcopyarea.o
  CC      arch/arm/mach-msm/pm-stats.o
  CC      net/netfilter/nf_conntrack_tftp.o
  CC      drivers/media/rc/keymaps/rc-real-audio-220-32-keys.o
  CC      drivers/tty/vt/vt_ioctl.o
  LD      sound/soc/built-in.o
  CC      kernel/audit_watch.o
  CC      drivers/usb/core/devio.o
  CC      fs/ext4/move_extent.o
  CC      drivers/tty/serial/msm_serial_hs_lite.o
  LD      net/netfilter/nf_nat.o
  CC      drivers/usb/storage/onetouch.o
  CC      drivers/usb/core/notify.o
  CC      arch/arm/mach-msm/msm_bus/msm_bus_board_8974.o
  CC      drivers/video/msm/mdss/mdss_dsi_panel.o
  CC      arch/arm/mach-msm/spm-v2.o
  CC      drivers/video/cfbimgblt.o
  LD      drivers/usb/dwc3/built-in.o
  CC      drivers/media/rc/keymaps/rc-snapstream-firefly.o
  CC      fs/mbcache.o
  CC      drivers/media/rc/keymaps/rc-samsung-necx.o
  CC      arch/arm/mach-msm/qdsp6v2/dsp_debug.o
  CC      drivers/usb/storage/sddr09.o
  CC      kernel/audit_tree.o
  LD      sound/built-in.o
  CC      fs/ext4/mmp.o
  CC      arch/arm/mach-msm/msm_bus/msm_bus_dbg.o
  CC      arch/arm/mach-msm/spm_devices.o
  CC      net/netfilter/nf_nat_proto_dccp.o
  LD      drivers/video/fb.o
  CC      drivers/usb/core/generic.o
  CC      net/ipv4/netfilter/ip_tables.o
  LD      fs/sdfat/sdfat_fs.o
  CC      drivers/usb/storage/sddr55.o
  CC      drivers/media/rc/keymaps/rc-streamzap.o
  CC      kernel/kprobes.o
  CC      arch/arm/mach-msm/dma_test.o
  CC      drivers/media/rc/keymaps/rc-tbs-nec.o
  LD      fs/sdfat/built-in.o
  CC      fs/dcookies.o
  CC      drivers/media/rc/keymaps/rc-technisat-usb2.o
  CC      drivers/video/msm/mdss/msm_mdss_io_8974.o
  CC      drivers/tty/vt/vc_screen.o
  CC      fs/ext4/indirect.o
  CC      net/ipv4/netfilter/iptable_filter.o
  CC      drivers/tty/vt/selection.o
  CC      drivers/usb/storage/shuttle_usbat.o
  CC      drivers/usb/core/quirks.o
  CC      kernel/seccomp.o
  CC      net/netfilter/nf_nat_proto_udplite.o
  CC      drivers/media/rc/keymaps/rc-terratec-cinergy-xs.o
  CC      arch/arm/mach-msm/qdsp6v2/voice_svc.o
  CC      arch/arm/mach-msm/keypad-surf-ffa.o
  CC      drivers/video/msm/mdss/mdss_mdp.o
  CC      fs/ext4/xattr.o
  CC      drivers/usb/storage/scsiglue.o
  CC      arch/arm/mach-msm/boot_stats.o
  CC      drivers/usb/core/devices.o
  CC      drivers/usb/storage/protocol.o
  CC      arch/arm/mach-msm/qdsp6v2/aac_in.o
  CC      drivers/usb/storage/transport.o
  CC      drivers/media/rc/keymaps/rc-terratec-slim.o
  CC      fs/ext4/xattr_user.o
  CC      arch/arm/mach-msm/rpm-regulator-smd.o
  CC      kernel/rcutree.o
  CC      arch/arm/mach-msm/subsystem_notif.o
  CC      drivers/video/msm/mdss/mdss_mdp_ctl.o
  CC      drivers/tty/vt/keyboard.o
  CC      net/ipv4/netfilter/iptable_mangle.o
  LD      drivers/hid/usbhid/usbhid.o
  LD      drivers/media/platform/msm/vidc/built-in.o
  LD      drivers/hid/usbhid/built-in.o
  LD      arch/arm/mach-msm/msm_bus/built-in.o
  CC      net/netfilter/nf_nat_proto_sctp.o
  CC      arch/arm/mach-msm/qdsp6v2/qcelp_in.o
  CC      arch/arm/mach-msm/subsystem_restart.o
  CC      fs/ext4/xattr_trusted.o
  CC      arch/arm/mach-msm/qdsp6v2/evrc_in.o
  AR      lib/lib.a
  LD      drivers/hid/built-in.o
  CC      drivers/tty/vt/consolemap.o
  CC      drivers/media/rc/keymaps/rc-terratec-slim-2.o
  LD      drivers/media/platform/msm/built-in.o
  CC      kernel/relay.o
  CC      fs/ext4/xattr_security.o
  CC      drivers/tty/vt/consolemap_deftbl.o
  CC      net/ipv4/netfilter/iptable_nat.o
  LD      drivers/media/platform/built-in.o
  LD      drivers/usb/host/xhci-hcd.o
  CC      drivers/usb/storage/usb.o
  LD      kernel/sched/built-in.o
  CC      arch/arm/mach-msm/ramdump.o
  LD      drivers/usb/host/built-in.o
  CC      arch/arm/mach-msm/qdsp6v2/amrnb_in.o
  CC      arch/arm/mach-msm/qdsp6v2/audio_utils.o
  CC      net/netfilter/nf_nat_amanda.o
  CC      drivers/tty/vt/vt.o
  CC      arch/arm/mach-msm/sysmon.o
  LD      fs/proc/proc.o
  CC      net/ipv4/netfilter/iptable_raw.o
  CC      drivers/media/rc/keymaps/rc-tevii-nec.o
  CC      drivers/video/msm/mdss/mdss_mdp_pipe.o
  CC      drivers/usb/storage/initializers.o
  CC      kernel/utsname_sysctl.o
  CC      net/ipv4/netfilter/iptable_security.o
  CC      net/netfilter/nf_nat_ftp.o
  LD      fs/proc/built-in.o
  CC      arch/arm/mach-msm/msm_watchdog_v2.o
  CC      kernel/tracepoint.o
  CC      drivers/media/rc/keymaps/rc-tivo.o
  CC      arch/arm/mach-msm/qdsp6v2/audio_wma.o
  CC      drivers/usb/storage/sierra_ms.o
  CC      drivers/tty/vt/defkeymap.o
  CC      drivers/usb/storage/option_ms.o
  CC      net/ipv4/netfilter/ipt_ah.o
  CC      drivers/video/msm/mdss/mdss_mdp_util.o
  CC      net/netfilter/nf_nat_irc.o
  CC      drivers/usb/storage/usual-tables.o
  CC      arch/arm/mach-msm/qdsp6v2/audio_wmapro.o
  CC      arch/arm/mach-msm/msm_memory_dump.o
  CC      drivers/media/rc/keymaps/rc-total-media-in-hand.o
  CC      net/ipv4/netfilter/ipt_rpfilter.o
  CC      kernel/elfcore.o
  CC      drivers/media/rc/keymaps/rc-trekstor.o
  CC      arch/arm/mach-msm/clock-krait-8974.o
  CC      arch/arm/mach-msm/qdsp6v2/audio_aac.o
  CC      net/netfilter/nf_nat_tftp.o
  CC      drivers/media/rc/keymaps/rc-tt-1500.o
  CC      net/ipv4/netfilter/ipt_MASQUERADE.o
  CC      kernel/irq_work.o
  LD      kernel/trace/built-in.o
  CC      arch/arm/mach-msm/qdsp6v2/audio_multi_aac.o
  CC      arch/arm/mach-msm/board-8974.o
  CC      drivers/video/msm/mdss/dsi_status_6g.o
  CC      arch/arm/mach-msm/qdsp6v2/audio_utils_aio.o
  CC      net/ipv4/netfilter/ipt_NETMAP.o
  CC      kernel/cpu_pm.o
  CC      drivers/video/msm/mdss/mdss_mdp_pp.o
  CC      drivers/media/rc/keymaps/rc-twinhan1027.o
  CC      net/ipv4/netfilter/ipt_REDIRECT.o
  CC      net/netfilter/nf_tproxy_core.o
  CC      arch/arm/mach-msm/qdsp6v2/q6audio_v2.o
  CC      drivers/video/msm/mdss/mdss_mdp_intf_video.o
  CC      drivers/video/msm/mdss/mdss_mdp_intf_cmd.o
  CC      net/ipv4/netfilter/ipt_REJECT.o
  CC      drivers/media/rc/keymaps/rc-ue-rf4ce.o
  CC      arch/arm/mach-msm/qdsp6v2/q6audio_v2_aio.o
  CC      arch/arm/mach-msm/clock-local2.o
  LD      drivers/usb/core/usbcore.o
  CC      drivers/video/msm/mdss/mdss_mdp_intf_writeback.o
  CC      net/netfilter/x_tables.o
  CC      net/netfilter/xt_tcpudp.o
  CC      drivers/media/rc/keymaps/rc-videomate-m1f.o
  CC      net/ipv4/netfilter/arp_tables.o
  CC      arch/arm/mach-msm/clock-pll.o
  LD      drivers/usb/core/built-in.o
  CC      arch/arm/mach-msm/qdsp6v2/msm_audio_ion.o
  CC      arch/arm/mach-msm/clock-8974.o
  CC      net/netfilter/xt_mark.o
  CC      net/ipv4/netfilter/arpt_mangle.o
  CC      drivers/video/msm/mdss/mdss_mdp_rotator.o
  CC      arch/arm/mach-msm/qdsp6v2/audio_mp3.o
  CC      arch/arm/mach-msm/clock-rpm.o
  CC      drivers/media/rc/keymaps/rc-videomate-s350.o
  CC      net/ipv4/netfilter/arptable_filter.o
  CC      drivers/media/rc/keymaps/rc-videomate-tv-pvr.o
  CC      net/netfilter/xt_connmark.o
  CC      arch/arm/mach-msm/qdsp6v2/audio_amrnb.o
  LD      net/ipv4/netfilter/nf_conntrack_ipv4.o
  CC      drivers/video/msm/mdss/mdss_mdp_overlay.o
  CC      net/netfilter/xt_nat.o
  LD      net/ipv4/netfilter/nf_nat_ipv4.o
  CC      arch/arm/mach-msm/qdsp6v2/audio_amrwb.o
  CC      arch/arm/mach-msm/clock-mdss-8974.o
  CC      drivers/media/rc/keymaps/rc-winfast.o
  LD      fs/ext3/ext3.o
  CC      net/netfilter/xt_CLASSIFY.o
  CC      drivers/video/msm/mdss/mdss_mdp_splash_logo.o
  CC      arch/arm/mach-msm/qdsp6v2/audio_amrwbplus.o
  CC      drivers/media/rc/keymaps/rc-winfast-usbii-deluxe.o
  CC      arch/arm/mach-msm/board-8974-sec-mondrian-gpiomux.o
  CC      arch/arm/mach-msm/qdsp6v2/audio_evrc.o
  CC      drivers/video/msm/mdss/mdss_mdp_wb.o
  CC      arch/arm/mach-msm/gdsc.o
  CC      net/netfilter/xt_CONNSECMARK.o
  CC      drivers/video/msm/mdss/mdss_debug.o
  CC      net/netfilter/xt_LOG.o
  CC      arch/arm/mach-msm/qdsp6v2/audio_qcelp.o
  CC      arch/arm/mach-msm/krait-regulator.o
  CC      arch/arm/mach-msm/qdsp6v2/amrwb_in.o
  CC      net/netfilter/xt_NFLOG.o
  CC      drivers/video/msm/mdss/mdss_debug_xlog.o
  CC      arch/arm/mach-msm/qdsp6v2/adsp-loader.o
  CC      arch/arm/mach-msm/krait-regulator-pmic.o
  LD      fs/ext3/built-in.o
  CC      net/netfilter/xt_NFQUEUE.o
  CC      drivers/video/msm/mdss/mdss_edp.o
  CC      arch/arm/mach-msm/msm-pm.o
  CC      net/netfilter/xt_TPROXY.o
  CC      drivers/video/msm/mdss/mdss_edp_aux.o
  CC      arch/arm/mach-msm/pm-data.o
  LD      drivers/media/rc/keymaps/built-in.o
  CC      net/netfilter/xt_TCPMSS.o
  CC      drivers/video/msm/mdss/mdss_io_util.o
  CC      arch/arm/mach-msm/ext-buck-control.o
  CC      net/netfilter/xt_TRACE.o
  CC      drivers/video/msm/mdss/mdss_hdmi_tx.o
  CC      net/netfilter/xt_IDLETIMER.o
  CC      arch/arm/mach-msm/rpm-smd.o
  CC      drivers/video/msm/mdss/mdss_hdmi_util.o
  CC      net/netfilter/xt_comment.o
  CC      drivers/video/msm/mdss/mdss_hdmi_edid.o
  CC      net/netfilter/xt_connlimit.o
  CC      net/netfilter/xt_conntrack.o
  CC      arch/arm/mach-msm/lpm_levels.o
  CC      drivers/video/msm/mdss/mdss_hdmi_hdcp.o
  CC      arch/arm/mach-msm/mpm-of.o
  LD      drivers/media/rc/built-in.o
  CC      net/netfilter/xt_dscp.o
  CC      arch/arm/mach-msm/rpm_stats.o
  LD      drivers/usb/storage/usb-storage.o
  CC      drivers/video/msm/mdss/mdss_hdmi_cec.o
  LD      drivers/usb/storage/ums-alauda.o
  LD      drivers/usb/storage/ums-cypress.o
  LD      drivers/media/built-in.o
  LD      drivers/usb/storage/ums-datafab.o
  CC      net/netfilter/xt_ecn.o
  LD      drivers/usb/storage/ums-eneub6250.o
  CC      drivers/video/msm/mdss/mdss_wb.o
  CC      arch/arm/mach-msm/rpm_master_stat.o
  LD      drivers/usb/storage/ums-freecom.o
  CC      net/netfilter/xt_esp.o
  LD      drivers/usb/storage/ums-isd200.o
  CC      drivers/video/msm/mdss/mdss_fb.o
  CC      net/netfilter/xt_hashlimit.o
  LD      drivers/usb/storage/ums-jumpshot.o
  LD      drivers/usb/storage/ums-karma.o
  LD      drivers/usb/storage/ums-onetouch.o
  CC      net/netfilter/xt_helper.o
  CC      arch/arm/mach-msm/rpm_rbcpr_stats_v2.o
  LD      drivers/usb/storage/ums-sddr09.o
  LD      drivers/usb/storage/ums-sddr55.o
  LD      drivers/usb/storage/ums-usbat.o
  CC      net/netfilter/xt_hl.o
  CC      arch/arm/mach-msm/rpm_log.o
  LD      drivers/usb/storage/built-in.o
  CC      net/netfilter/xt_iprange.o
  CC      arch/arm/mach-msm/tz_log.o
  CC      net/netfilter/xt_length.o
  CC      net/netfilter/xt_limit.o
  LD      arch/arm/mach-msm/qdsp6v2/built-in.o
  CC      arch/arm/mach-msm/sec-regulator-max77888.o
  CC      net/netfilter/xt_mac.o
  CC      net/netfilter/xt_multiport.o
  CC      net/netfilter/xt_pkttype.o
  CC      arch/arm/mach-msm/sec-switch.o
  CC      net/netfilter/xt_policy.o
  CC      net/netfilter/xt_qtaguid_print.o
  CC      arch/arm/mach-msm/iommu_domains.o
  CC      arch/arm/mach-msm/event_timer.o
  CC      arch/arm/mach-msm/ocmem.o
  CC      net/netfilter/xt_qtaguid.o
  CC      net/netfilter/xt_quota.o
  CC      arch/arm/mach-msm/ocmem_allocator.o
  CC      net/netfilter/xt_quota2.o
  CC      arch/arm/mach-msm/ocmem_notifier.o
  CC      arch/arm/mach-msm/ocmem_sched.o
  CC      arch/arm/mach-msm/ocmem_api.o
  CC      net/netfilter/xt_socket.o
  CC      net/netfilter/xt_state.o
  CC      net/netfilter/xt_statistic.o
  CC      arch/arm/mach-msm/ocmem_rdm.o
  CC      arch/arm/mach-msm/ocmem_core.o
  CC      net/netfilter/xt_string.o
  CC      net/netfilter/xt_time.o
  CC      arch/arm/mach-msm/gpiomux-v2.o
  CC      net/netfilter/xt_u32.o
  CC      arch/arm/mach-msm/gpiomux.o
  LD      net/netfilter/nfnetlink_queue.o
  LD      net/netfilter/netfilter.o
  CC      arch/arm/mach-msm/msm_rq_stats.o
  LD      net/netfilter/nf_conntrack.o
  CC      arch/arm/mach-msm/msm_show_resume_irq.o
  CC      arch/arm/mach-msm/restart.o
  CC      net/netfilter/interceptor/ip_selector_db.o
  CC      net/netfilter/interceptor/ip_selector_match.o
  CC      arch/arm/mach-msm/sec_debug.o
  CC      arch/arm/mach-msm/sec_gaf.o
  LD      drivers/video/msm/mhl_v2/sii8240/built-in.o
  LD      drivers/video/msm/mhl_v2/built-in.o
  CC      net/netfilter/interceptor/kernelspd_main.o
  CC      net/netfilter/interceptor/kernelspd_hooks.o
  CC      net/netfilter/interceptor/kernelspd_procfs.o
  CC      net/netfilter/interceptor/ipsec_boundary.o
  CC      arch/arm/mach-msm/sec_getlog.o
  CC      net/netfilter/interceptor/debug_filter.o
  CC      arch/arm/mach-msm/msm_rtb.o
  CC      net/netfilter/interceptor/debug_strf.o
  CC      arch/arm/mach-msm/cache_erp.o
  CC      net/netfilter/interceptor/debug_linux.o
  CC      net/netfilter/interceptor/debug_strbuf_stack.o
  LD      net/ipv4/netfilter/built-in.o
  CC      arch/arm/mach-msm/wdog_debug.o
  CC      arch/arm/mach-msm/msm_mem_hole.o
  CC      arch/arm/mach-msm/msm_mpmctr.o
  CC      arch/arm/mach-msm/cpufreq.o
  CC      arch/arm/mach-msm/devfreq_cpubw.o
  CC      arch/arm/mach-msm/sec_bsp.o
  CC      arch/arm/mach-msm/sec_thermistor.o
  CC      arch/arm/mach-msm/msm8974-thermistor.o
  LD      net/ipv4/built-in.o
  LD      kernel/built-in.o
  LD      drivers/tty/serial/built-in.o
  LD      net/netfilter/interceptor/vpnclient.o
  LD      net/netfilter/interceptor/built-in.o
  LD      net/netfilter/built-in.o
  LD      arch/arm/mach-msm/built-in.o
  LD      drivers/video/msm/mdss/mdss-mdp.o
  LD      drivers/video/msm/mdss/mdss-dsi.o
  LD      net/built-in.o
  LD      drivers/tty/vt/built-in.o
  LD      drivers/tty/built-in.o
  LD      drivers/video/msm/mdss/built-in.o
  LD      drivers/video/msm/built-in.o
  LD      drivers/video/built-in.o
  LD      fs/ext4/ext4.o
  LD      fs/ext4/built-in.o
  LD      fs/built-in.o
  LD      drivers/usb/gadget/g_android.o
  LD      drivers/usb/gadget/built-in.o
  LD      drivers/usb/built-in.o
  LD      drivers/built-in.o
  LD      vmlinux.o
  MODPOST vmlinux.o
  GEN     .version
  CC      init/main.o
  CHK     include/generated/compile.h
  CC      init/do_mounts.o
  CC      init/do_mounts_rd.o
  CC      init/do_mounts_initrd.o
  CC      init/calibrate.o
  CC      init/initramfs.o
  UPD     include/generated/compile.h
  CC      init/version.o
  LD      init/mounts.o
  LD      init/built-in.o
  LD      .tmp_vmlinux1
/home/kamil/android_kernel_samsung_msm8974/arm-linux-androideabi-4.9/bin/arm-linux-androideabi-ld: warning: unwinding may not work because EXIDX input section 11 of arch/arm/crypto/built-in.o is not in EXIDX output section
/home/kamil/android_kernel_samsung_msm8974/arm-linux-androideabi-4.9/bin/arm-linux-androideabi-ld: warning: unwinding may not work because EXIDX input section 81 of arch/arm/mach-msm/built-in.o is not in EXIDX output section
/home/kamil/android_kernel_samsung_msm8974/arm-linux-androideabi-4.9/bin/arm-linux-androideabi-ld: warning: unwinding may not work because EXIDX input section 535 of mm/built-in.o is not in EXIDX output section
/home/kamil/android_kernel_samsung_msm8974/arm-linux-androideabi-4.9/bin/arm-linux-androideabi-ld: warning: unwinding may not work because EXIDX input section 1102 of fs/built-in.o is not in EXIDX output section
/home/kamil/android_kernel_samsung_msm8974/arm-linux-androideabi-4.9/bin/arm-linux-androideabi-ld: warning: unwinding may not work because EXIDX input section 164 of security/built-in.o is not in EXIDX output section
/home/kamil/android_kernel_samsung_msm8974/arm-linux-androideabi-4.9/bin/arm-linux-androideabi-ld: warning: unwinding may not work because EXIDX input section 11 of crypto/built-in.o is not in EXIDX output section
/home/kamil/android_kernel_samsung_msm8974/arm-linux-androideabi-4.9/bin/arm-linux-androideabi-ld: warning: unwinding may not work because EXIDX input section 417 of block/built-in.o is not in EXIDX output section
/home/kamil/android_kernel_samsung_msm8974/arm-linux-androideabi-4.9/bin/arm-linux-androideabi-ld: warning: unwinding may not work because EXIDX input section 296 of lib/built-in.o is not in EXIDX output section
/home/kamil/android_kernel_samsung_msm8974/arm-linux-androideabi-4.9/bin/arm-linux-androideabi-ld: warning: unwinding may not work because EXIDX input section 73 of drivers/built-in.o is not in EXIDX output section
/home/kamil/android_kernel_samsung_msm8974/arm-linux-androideabi-4.9/bin/arm-linux-androideabi-ld: warning: unwinding may not work because EXIDX input section 6 of sound/built-in.o is not in EXIDX output section
/home/kamil/android_kernel_samsung_msm8974/arm-linux-androideabi-4.9/bin/arm-linux-androideabi-ld: warning: unwinding may not work because EXIDX input section 6 of arch/arm/oprofile/built-in.o is not in EXIDX output section
/home/kamil/android_kernel_samsung_msm8974/arm-linux-androideabi-4.9/bin/arm-linux-androideabi-ld: warning: unwinding may not work because EXIDX input section 865 of net/built-in.o is not in EXIDX output section
  KSYM    .tmp_kallsyms1.S
  AS      .tmp_kallsyms1.o
  LD      .tmp_vmlinux2
/home/kamil/android_kernel_samsung_msm8974/arm-linux-androideabi-4.9/bin/arm-linux-androideabi-ld: warning: unwinding may not work because EXIDX input section 11 of arch/arm/crypto/built-in.o is not in EXIDX output section
/home/kamil/android_kernel_samsung_msm8974/arm-linux-androideabi-4.9/bin/arm-linux-androideabi-ld: warning: unwinding may not work because EXIDX input section 81 of arch/arm/mach-msm/built-in.o is not in EXIDX output section
/home/kamil/android_kernel_samsung_msm8974/arm-linux-androideabi-4.9/bin/arm-linux-androideabi-ld: warning: unwinding may not work because EXIDX input section 535 of mm/built-in.o is not in EXIDX output section
/home/kamil/android_kernel_samsung_msm8974/arm-linux-androideabi-4.9/bin/arm-linux-androideabi-ld: warning: unwinding may not work because EXIDX input section 1102 of fs/built-in.o is not in EXIDX output section
/home/kamil/android_kernel_samsung_msm8974/arm-linux-androideabi-4.9/bin/arm-linux-androideabi-ld: warning: unwinding may not work because EXIDX input section 164 of security/built-in.o is not in EXIDX output section
/home/kamil/android_kernel_samsung_msm8974/arm-linux-androideabi-4.9/bin/arm-linux-androideabi-ld: warning: unwinding may not work because EXIDX input section 11 of crypto/built-in.o is not in EXIDX output section
/home/kamil/android_kernel_samsung_msm8974/arm-linux-androideabi-4.9/bin/arm-linux-androideabi-ld: warning: unwinding may not work because EXIDX input section 417 of block/built-in.o is not in EXIDX output section
/home/kamil/android_kernel_samsung_msm8974/arm-linux-androideabi-4.9/bin/arm-linux-androideabi-ld: warning: unwinding may not work because EXIDX input section 296 of lib/built-in.o is not in EXIDX output section
/home/kamil/android_kernel_samsung_msm8974/arm-linux-androideabi-4.9/bin/arm-linux-androideabi-ld: warning: unwinding may not work because EXIDX input section 73 of drivers/built-in.o is not in EXIDX output section
/home/kamil/android_kernel_samsung_msm8974/arm-linux-androideabi-4.9/bin/arm-linux-androideabi-ld: warning: unwinding may not work because EXIDX input section 6 of sound/built-in.o is not in EXIDX output section
/home/kamil/android_kernel_samsung_msm8974/arm-linux-androideabi-4.9/bin/arm-linux-androideabi-ld: warning: unwinding may not work because EXIDX input section 6 of arch/arm/oprofile/built-in.o is not in EXIDX output section
/home/kamil/android_kernel_samsung_msm8974/arm-linux-androideabi-4.9/bin/arm-linux-androideabi-ld: warning: unwinding may not work because EXIDX input section 865 of net/built-in.o is not in EXIDX output section
  KSYM    .tmp_kallsyms2.S
  AS      .tmp_kallsyms2.o
  LD      vmlinux
/home/kamil/android_kernel_samsung_msm8974/arm-linux-androideabi-4.9/bin/arm-linux-androideabi-ld: warning: unwinding may not work because EXIDX input section 11 of arch/arm/crypto/built-in.o is not in EXIDX output section
/home/kamil/android_kernel_samsung_msm8974/arm-linux-androideabi-4.9/bin/arm-linux-androideabi-ld: warning: unwinding may not work because EXIDX input section 81 of arch/arm/mach-msm/built-in.o is not in EXIDX output section
/home/kamil/android_kernel_samsung_msm8974/arm-linux-androideabi-4.9/bin/arm-linux-androideabi-ld: warning: unwinding may not work because EXIDX input section 535 of mm/built-in.o is not in EXIDX output section
/home/kamil/android_kernel_samsung_msm8974/arm-linux-androideabi-4.9/bin/arm-linux-androideabi-ld: warning: unwinding may not work because EXIDX input section 1102 of fs/built-in.o is not in EXIDX output section
/home/kamil/android_kernel_samsung_msm8974/arm-linux-androideabi-4.9/bin/arm-linux-androideabi-ld: warning: unwinding may not work because EXIDX input section 164 of security/built-in.o is not in EXIDX output section
/home/kamil/android_kernel_samsung_msm8974/arm-linux-androideabi-4.9/bin/arm-linux-androideabi-ld: warning: unwinding may not work because EXIDX input section 11 of crypto/built-in.o is not in EXIDX output section
/home/kamil/android_kernel_samsung_msm8974/arm-linux-androideabi-4.9/bin/arm-linux-androideabi-ld: warning: unwinding may not work because EXIDX input section 417 of block/built-in.o is not in EXIDX output section
/home/kamil/android_kernel_samsung_msm8974/arm-linux-androideabi-4.9/bin/arm-linux-androideabi-ld: warning: unwinding may not work because EXIDX input section 296 of lib/built-in.o is not in EXIDX output section
/home/kamil/android_kernel_samsung_msm8974/arm-linux-androideabi-4.9/bin/arm-linux-androideabi-ld: warning: unwinding may not work because EXIDX input section 73 of drivers/built-in.o is not in EXIDX output section
/home/kamil/android_kernel_samsung_msm8974/arm-linux-androideabi-4.9/bin/arm-linux-androideabi-ld: warning: unwinding may not work because EXIDX input section 6 of sound/built-in.o is not in EXIDX output section
/home/kamil/android_kernel_samsung_msm8974/arm-linux-androideabi-4.9/bin/arm-linux-androideabi-ld: warning: unwinding may not work because EXIDX input section 6 of arch/arm/oprofile/built-in.o is not in EXIDX output section
/home/kamil/android_kernel_samsung_msm8974/arm-linux-androideabi-4.9/bin/arm-linux-androideabi-ld: warning: unwinding may not work because EXIDX input section 865 of net/built-in.o is not in EXIDX output section
  SYSMAP  System.map
  SYSMAP  .tmp_System.map
  FIPS : Generating hmac of crypto and updating vmlinux... 
HMAC-SHA2-256(builtime_bytes.bin)= bcb5c62bb8f115ddaa0fc0238bbd9d658f6759b7dde48b675e4bdf0234773f54
  Building modules, stage 2.
  MODPOST 1 modules
  CC      drivers/scsi/scsi_wait_scan.mod.o
  OBJCOPY arch/arm/boot/Image
  LD [M]  drivers/scsi/scsi_wait_scan.ko
  Kernel: arch/arm/boot/Image is ready
  AS      arch/arm/boot/compressed/head.o
  GZIP    arch/arm/boot/compressed/piggy.gzip
  CC      arch/arm/boot/compressed/misc.o
  CC      arch/arm/boot/compressed/decompress.o
  CC      arch/arm/boot/compressed/string.o
  SHIPPED arch/arm/boot/compressed/lib1funcs.S
  AS      arch/arm/boot/compressed/lib1funcs.o
  SHIPPED arch/arm/boot/compressed/ashldi3.S
  AS      arch/arm/boot/compressed/ashldi3.o
  AS      arch/arm/boot/compressed/piggy.gzip.o
  LD      arch/arm/boot/compressed/vmlinux
  OBJCOPY arch/arm/boot/zImage
  Kernel: arch/arm/boot/zImage is ready
  CAT     arch/arm/boot/zImage-dtb
  Kernel: arch/arm/boot/zImage-dtb is ready
===> COPYING IMAGE
